SoilMoisture,Humidity,RainDrop,Temperature,N,P,K,pH,RecommendedCrop
678.0,35.5,679.0,29.5,31,26,45,7.0,
678.0,35.6,0.0,29.5,46,30,26,7.2,
677.0,35.6,678.0,29.5,55,25,30,7.0,
6678.0,35.6,0.0,29.5,44,20,20,7.2,
678.0,35.6,678.0,29.5,57,30,40,7.0,
0.0,35.6,0.0,29.5,94,62,63,7.0,
6678.0,35.6,678.0,29.4,42,29,42,6.9,
677.0,35.5,678.0,29.5,40,30,39,7.4,
678.0,35.5,0.0,29.5,36,21,27,7.1,
6678.0,35.5,678.0,29.4,49,33,43,7.4,
0.0,35.5,0.0,29.5,115,43,89,7.1,
678.0,35.5,678.0,29.5,53,32,44,6.9,
6678.0,35.5,678.0,29.5,51,31,30,7.2,
677.0,35.5,678.0,29.4,34,20,32,6.9,
677.0,35.6,678.0,29.4,53,34,29,7.4,
6677.0,35.5,0.0,29.4,45,39,44,7.0,
678.0,35.6,678.0,29.4,35,38,45,6.9,
0.0,35.6,0.0,29.4,108,79,55,7.5,
6677.0,35.6,677.0,29.4,39,24,47,7.2,
0.0,35.5,0.0,29.4,94,48,78,7.3,
677.0,35.6,678.0,29.4,48,29,35,6.9,
6677.0,35.6,678.0,29.4,58,30,33,7.4,
677.0,35.6,0.0,29.4,51,34,21,6.9,
677.0,35.6,678.0,29.4,59,30,28,7.3,
0.0,35.6,0.0,29.4,91,62,67,7.2,
678.0,35.6,678.0,29.4,58,36,23,7.4,
677.0,35.7,678.0,29.4,35,21,39,6.9,
0.0,0.0,0.0,29.4,112,57,75,7.1,
0.0,0.0,0.0,29.4,87,77,82,6.8,
0.0,0.0,0.0,29.4,99,60,99,7.4,
0.0,0.0,0.0,29.4,111,78,51,7.2,
0.0,0.0,0.0,29.4,97,56,77,7.4,
0.0,0.0,0.0,29.4,104,44,89,7.4,
0.0,0.0,0.0,29.4,96,77,88,7.2,
0.0,0.0,0.0,29.4,119,72,56,7.3,
0.0,0.0,0.0,29.4,73,50,61,7.5,
0.0,0.0,0.0,29.4,107,72,98,7.2,
0.0,0.0,0.0,29.4,75,77,50,7.2,
0.0,0.0,0.0,29.4,110,62,68,7.3,
0.0,0.0,0.0,29.4,104,70,68,7.0,
0.0,0.0,0.0,29.4,115,55,56,7.4,
0.0,0.0,0.0,29.4,77,68,78,7.2,
0.0,0.0,0.0,29.4,76,63,83,7.2,
0.0,0.0,0.0,29.4,103,58,63,7.1,
0.0,0.0,0.0,29.4,111,68,98,6.9,
0.0,0.0,0.0,29.4,108,40,95,6.8,
0.0,0.0,0.0,29.4,94,73,90,7.4,
0.0,0.0,0.0,29.4,112,58,56,6.8,
0.0,0.0,0.0,29.4,112,77,73,7.3,
0.0,0.0,0.0,29.4,70,51,80,7.2,
0.0,0.0,0.0,29.4,101,45,63,7.2,
0.0,0.0,0.0,29.4,114,67,64,7.3,
0.0,0.0,0.0,29.4,84,56,76,6.9,
0.0,0.0,0.0,29.4,73,61,84,7.5,
0.0,0.0,0.0,29.4,99,70,89,7.3,
0.0,0.0,0.0,29.4,114,44,62,6.8,
0.0,0.0,0.0,29.4,78,58,68,7.3,
0.0,0.0,0.0,29.4,79,69,91,7.2,
0.0,0.0,0.0,29.4,99,73,97,7.1,
0.0,0.0,0.0,29.4,101,74,67,7.2,
0.0,0.0,0.0,29.4,85,54,54,7.0,
0.0,0.0,0.0,29.4,95,58,83,7.5,
0.0,0.0,0.0,29.4,77,77,92,7.4,
0.0,0.0,0.0,29.4,108,57,69,7.2,
0.0,0.0,0.0,29.4,79,78,77,7.3,
0.0,0.0,0.0,29.4,90,58,91,6.9,
0.0,0.0,0.0,29.4,94,77,82,7.0,
0.0,0.0,0.0,29.4,76,63,74,6.9,
0.0,0.0,0.0,29.4,91,52,89,7.1,
0.0,0.0,0.0,29.4,73,57,72,7.2,
0.0,0.0,0.0,29.4,72,61,85,7.0,
0.0,0.0,0.0,29.4,88,74,68,7.5,
0.0,0.0,0.0,29.4,88,52,96,7.2,
0.0,0.0,0.0,29.4,88,54,87,6.8,
0.0,0.0,0.0,29.4,78,78,53,7.5,
0.0,0.0,0.0,29.4,80,69,99,6.9,
0.0,0.0,0.0,29.4,87,71,85,7.4,
0.0,0.0,0.0,29.4,70,52,56,7.4,
0.0,0.0,0.0,29.4,91,61,79,7.4,
0.0,0.0,0.0,29.4,98,76,85,7.4,
0.0,0.0,0.0,29.4,93,74,61,7.5,
0.0,0.0,0.0,29.4,116,78,55,7.2,
0.0,0.0,0.0,29.4,104,57,57,7.3,
0.0,0.0,0.0,29.4,79,71,54,6.9,
0.0,0.0,0.0,29.4,74,70,63,7.0,
0.0,0.0,0.0,29.4,95,40,50,7.4,
0.0,0.0,0.0,29.4,90,52,87,7.1,
0.0,0.0,0.0,29.4,96,46,85,7.4,
0.0,0.0,0.0,29.4,115,57,51,7.1,
0.0,0.0,0.0,29.4,72,72,94,7.3,
0.0,0.0,0.0,29.4,111,55,67,7.3,
0.0,0.0,0.0,29.4,92,44,58,7.0,
0.0,0.0,0.0,29.4,89,60,79,6.9,
0.0,0.0,0.0,29.4,80,52,78,7.2,
0.0,0.0,0.0,29.4,73,69,92,7.4,
0.0,0.0,0.0,29.4,118,68,60,7.0,
0.0,0.0,0.0,29.4,116,70,67,7.2,
0.0,0.0,0.0,29.4,95,55,50,7.1,
0.0,0.0,0.0,29.4,112,55,91,7.1,
0.0,0.0,0.0,29.4,100,63,88,7.0,
0.0,0.0,0.0,29.4,106,51,57,7.0,
0.0,0.0,0.0,29.4,108,64,91,7.2,
0.0,0.0,0.0,29.4,81,77,50,7.1,
0.0,0.0,0.0,29.4,100,76,81,7.1,
0.0,0.0,0.0,29.4,101,77,92,7.4,
0.0,0.0,0.0,29.4,74,78,70,7.0,
0.0,0.0,0.0,29.4,100,67,81,6.8,
0.0,0.0,0.0,29.4,88,76,83,7.1,
0.0,0.0,0.0,29.4,84,40,84,7.0,
0.0,0.0,0.0,29.4,92,60,75,7.0,
0.0,0.0,0.0,29.4,98,49,74,7.4,
0.0,0.0,0.0,29.4,81,79,87,7.2,
0.0,0.0,0.0,29.4,86,67,54,6.9,
0.0,0.0,0.0,29.4,73,58,66,7.4,
0.0,0.0,0.0,29.4,104,61,63,7.2,
0.0,0.0,0.0,29.4,112,42,55,6.8,
0.0,0.0,0.0,29.4,92,52,54,6.9,
0.0,0.0,0.0,29.4,84,44,95,7.1,
0.0,0.0,0.0,29.4,95,40,55,7.1,
0.0,0.0,0.0,29.4,107,53,78,7.0,
0.0,0.0,0.0,29.4,83,45,66,7.3,
0.0,0.0,0.0,29.4,106,41,84,7.4,
0.0,0.0,0.0,29.4,82,58,96,7.4,
0.0,0.0,0.0,29.4,119,74,65,7.4,
0.0,0.0,0.0,29.4,108,69,59,7.4,
0.0,0.0,0.0,29.4,95,59,66,7.2,
0.0,0.0,0.0,29.4,91,55,52,7.1,
0.0,0.0,0.0,29.4,87,79,72,6.9,
0.0,0.0,0.0,29.4,79,79,74,7.4,
0.0,0.0,0.0,29.4,77,45,71,7.0,
0.0,0.0,0.0,29.4,90,47,50,7.0,
0.0,0.0,0.0,29.4,119,57,51,6.9,
0.0,0.0,0.0,29.4,72,49,55,6.9,
0.0,0.0,0.0,29.4,112,72,85,7.3,
0.0,0.0,0.0,29.4,70,52,53,7.2,
0.0,0.0,0.0,29.4,105,49,75,7.0,
0.0,0.0,0.0,29.4,109,72,83,7.4,
0.0,0.0,0.0,29.4,104,58,61,7.3,
0.0,0.0,0.0,29.4,89,47,86,7.0,
0.0,0.0,0.0,29.4,114,40,76,7.5,
0.0,0.0,0.0,29.4,85,78,98,7.1,
0.0,0.0,0.0,29.4,118,68,84,7.4,
0.0,0.0,0.0,29.4,75,44,78,7.4,
0.0,0.0,0.0,29.4,86,69,81,6.9,
0.0,0.0,0.0,29.4,82,57,73,7.1,
0.0,0.0,0.0,29.4,96,62,55,7.5,
0.0,0.0,0.0,29.4,89,49,60,7.3,
0.0,0.0,0.0,29.4,73,47,63,7.2,
0.0,0.0,0.0,29.4,83,65,93,7.2,
0.0,0.0,0.0,29.4,116,41,84,6.8,
0.0,0.0,0.0,29.4,117,41,81,6.8,
0.0,0.0,0.0,29.4,112,58,70,7.2,
0.0,0.0,0.0,29.4,112,77,94,6.9,
0.0,0.0,0.0,29.4,93,67,86,7.2,
0.0,0.0,0.0,29.4,89,77,75,6.9,
0.0,0.0,0.0,29.4,107,52,63,7.2,
0.0,0.0,0.0,29.4,93,67,99,7.2,
0.0,0.0,0.0,29.4,91,74,63,7.1,
0.0,0.0,0.0,29.4,89,43,51,6.9,
0.0,0.0,0.0,29.4,80,42,90,6.8,
0.0,0.0,0.0,29.4,75,60,51,7.2,
0.0,0.0,0.0,29.4,98,46,72,7.1,
0.0,0.0,0.0,29.4,104,64,86,7.1,
0.0,0.0,0.0,29.4,80,71,82,7.3,
0.0,0.0,0.0,29.4,70,47,70,7.3,
0.0,0.0,0.0,29.4,116,77,51,7.0,
0.0,0.0,0.0,29.4,82,41,65,7.0,
0.0,0.0,0.0,29.4,101,59,57,6.9,
0.0,0.0,0.0,29.4,105,46,74,7.3,
0.0,0.0,0.0,29.4,82,55,53,7.4,
0.0,0.0,0.0,29.4,96,59,55,7.1,
0.0,0.0,0.0,29.4,115,59,64,7.1,
0.0,0.0,0.0,29.4,88,77,61,7.2,
0.0,0.0,0.0,29.4,105,41,96,7.1,
0.0,0.0,0.0,29.4,84,54,86,6.9,
0.0,0.0,0.0,29.4,96,66,64,7.3,
0.0,0.0,0.0,29.4,82,62,72,7.2,
0.0,0.0,0.0,29.4,108,58,76,7.2,
0.0,0.0,0.0,29.4,95,52,58,6.9,
0.0,0.0,0.0,29.4,88,61,98,7.2,
0.0,0.0,0.0,29.4,98,67,58,7.0,
0.0,0.0,0.0,29.4,91,40,86,7.4,
0.0,0.0,0.0,29.4,78,71,65,7.0,
0.0,0.0,0.0,29.4,100,71,92,6.9,
0.0,0.0,0.0,29.4,104,69,61,7.2,
0.0,0.0,0.0,29.4,84,63,51,6.9,
0.0,0.0,0.0,29.4,102,70,90,7.2,
0.0,0.0,0.0,29.4,98,52,82,7.0,
0.0,0.0,0.0,29.4,97,66,60,7.3,
0.0,0.0,0.0,29.4,87,64,80,7.2,
0.0,0.0,0.0,29.4,99,51,71,7.1,
0.0,0.0,0.0,29.4,93,57,69,7.0,
0.0,0.0,0.0,29.4,85,70,50,7.2,
0.0,0.0,0.0,29.4,103,55,58,7.1,
0.0,0.0,0.0,29.4,100,78,51,7.5,
0.0,0.0,0.0,29.4,70,47,80,7.3,
0.0,0.0,0.0,29.4,95,44,92,7.3,
0.0,0.0,0.0,29.4,100,46,53,6.9,
0.0,0.0,0.0,29.4,98,66,59,7.2,
0.0,0.0,0.0,29.4,98,63,54,7.1,
0.0,0.0,0.0,29.4,108,68,69,6.8,
0.0,0.0,0.0,29.4,112,74,57,7.2,
0.0,0.0,0.0,29.4,87,67,56,7.0,
0.0,0.0,0.0,29.4,77,50,80,7.1,
0.0,0.0,0.0,29.4,75,48,50,7.2,
0.0,0.0,0.0,29.4,100,48,70,7.0,
0.0,0.0,0.0,29.4,74,45,52,6.9,
0.0,0.0,0.0,29.4,112,47,53,7.3,
0.0,0.0,0.0,29.4,103,56,79,7.2,
0.0,0.0,0.0,29.4,86,57,57,6.8,
0.0,0.0,0.0,29.4,114,68,85,6.9,
0.0,0.0,0.0,29.4,105,48,86,7.2,
0.0,0.0,0.0,29.4,75,51,92,7.0,
0.0,0.0,0.0,29.4,75,42,87,7.4,
0.0,0.0,0.0,29.4,102,60,79,7.0,
0.0,0.0,0.0,29.4,119,76,62,7.4,
0.0,0.0,0.0,29.4,104,55,54,6.8,
0.0,0.0,0.0,29.4,99,66,76,7.1,
0.0,0.0,0.0,29.4,70,77,68,7.1,
0.0,0.0,0.0,29.4,88,67,95,7.4,
0.0,0.0,0.0,29.4,76,64,94,7.2,
0.0,0.0,0.0,29.4,86,65,86,7.1,
0.0,0.0,0.0,29.4,92,56,51,7.4,
0.0,0.0,0.0,29.4,90,59,77,7.3,
0.0,0.0,0.0,29.4,87,49,93,7.1,
0.0,0.0,0.0,29.4,118,53,69,7.4,
0.0,0.0,0.0,29.4,110,79,99,6.8,
0.0,0.0,0.0,29.4,78,58,62,7.1,
0.0,0.0,0.0,29.4,118,71,51,7.0,
0.0,0.0,0.0,29.4,80,43,80,7.5,
0.0,0.0,0.0,29.4,105,54,62,7.3,
0.0,0.0,0.0,29.4,70,73,57,7.1,
0.0,0.0,0.0,29.4,95,41,73,7.2,
0.0,0.0,0.0,29.4,114,72,76,7.3,
0.0,0.0,0.0,29.4,92,43,66,7.0,
0.0,0.0,0.0,29.4,117,54,90,7.1,
0.0,0.0,0.0,29.4,87,42,85,7.3,
0.0,0.0,0.0,29.4,112,77,60,7.4,
0.0,0.0,0.0,29.4,118,55,87,7.4,
0.0,0.0,0.0,29.4,118,60,84,7.5,
0.0,0.0,0.0,29.4,111,72,89,7.4,
0.0,0.0,0.0,29.4,102,44,98,7.3,
0.0,0.0,0.0,29.4,94,77,68,7.0,
0.0,0.0,0.0,29.4,77,60,76,7.2,
0.0,0.0,0.0,29.4,80,78,72,6.9,
0.0,0.0,0.0,29.4,92,48,53,7.1,
0.0,0.0,0.0,29.4,112,44,75,6.9,
0.0,0.0,0.0,29.4,87,46,54,6.8,
0.0,0.0,0.0,29.4,95,56,93,7.5,
0.0,0.0,0.0,29.4,91,71,93,6.9,
0.0,0.0,0.0,29.4,117,75,98,7.0,
0.0,0.0,0.0,29.4,109,44,65,7.1,
0.0,0.0,0.0,29.4,93,50,75,6.8,
0.0,0.0,0.0,29.4,97,45,53,6.9,
0.0,0.0,0.0,29.4,84,75,88,7.0,
0.0,0.0,0.0,29.4,98,78,80,6.8,
0.0,0.0,0.0,29.4,101,45,83,6.9,
0.0,0.0,0.0,29.4,97,45,77,7.5,
0.0,0.0,0.0,29.4,101,45,57,7.2,
0.0,0.0,0.0,29.4,72,55,54,7.1,
0.0,0.0,0.0,29.4,91,73,56,7.3,
0.0,0.0,0.0,29.4,118,64,89,6.9,
0.0,0.0,0.0,29.4,106,50,95,7.4,
0.0,0.0,0.0,29.4,118,53,52,6.9,
0.0,0.0,0.0,29.4,102,45,80,6.8,
0.0,0.0,0.0,29.4,72,43,91,7.2,
0.0,0.0,0.0,29.4,84,65,94,7.0,
0.0,0.0,0.0,29.4,93,46,69,6.9,
0.0,0.0,0.0,29.4,110,49,54,7.4,
0.0,0.0,0.0,29.4,116,50,66,6.9,
0.0,0.0,0.0,29.4,118,49,84,7.3,
0.0,0.0,0.0,29.4,84,79,92,7.3,
0.0,0.0,0.0,29.4,79,64,94,6.8,
0.0,0.0,0.0,29.4,110,50,89,7.0,
0.0,0.0,0.0,29.4,91,60,74,6.9,
0.0,0.0,0.0,29.4,75,65,64,7.1,
0.0,0.0,0.0,29.4,88,67,97,7.3,
0.0,0.0,0.0,29.4,109,69,90,7.0,
0.0,0.0,0.0,29.4,81,44,96,7.3,
0.0,0.0,0.0,29.4,94,44,88,6.8,
0.0,0.0,0.0,29.4,117,57,65,7.3,
0.0,0.0,0.0,29.4,110,40,69,7.4,
0.0,0.0,0.0,29.4,90,63,50,7.3,
0.0,0.0,0.0,29.4,99,52,59,7.1,
0.0,0.0,0.0,29.4,89,49,66,7.3,
0.0,0.0,0.0,29.4,93,75,81,7.4,
0.0,0.0,0.0,29.4,106,64,83,7.0,
0.0,0.0,0.0,29.4,118,50,60,7.2,
0.0,0.0,0.0,29.4,109,56,86,7.0,
0.0,0.0,0.0,29.4,76,49,81,6.9,
0.0,0.0,0.0,29.4,85,47,68,7.2,
0.0,0.0,0.0,29.4,96,40,91,7.3,
0.0,0.0,0.0,29.4,81,77,77,7.4,
0.0,0.0,0.0,29.4,70,46,91,7.1,
0.0,0.0,0.0,29.4,74,42,54,7.2,
0.0,0.0,0.0,29.4,81,43,52,7.2,
0.0,0.0,0.0,29.4,78,78,96,7.2,
0.0,0.0,0.0,29.4,85,73,60,7.0,
0.0,0.0,0.0,29.4,73,61,55,7.3,
0.0,0.0,0.0,29.4,94,50,54,7.0,
0.0,0.0,0.0,29.4,106,47,57,7.3,
0.0,0.0,0.0,29.4,88,57,75,7.4,
0.0,0.0,0.0,29.4,114,71,98,7.2,
0.0,0.0,0.0,29.4,74,58,85,7.4,
0.0,0.0,0.0,29.4,96,59,70,6.9,
0.0,0.0,0.0,29.4,81,55,86,7.3,
0.0,0.0,0.0,29.4,101,68,66,7.1,
0.0,0.0,0.0,29.4,95,58,51,6.9,
0.0,0.0,0.0,29.4,111,71,57,7.3,
0.0,0.0,0.0,29.4,95,52,63,6.9,
0.0,0.0,0.0,29.4,95,61,92,6.9,
0.0,0.0,0.0,29.4,105,73,95,7.2,
0.0,0.0,0.0,29.4,90,43,83,7.3,
0.0,0.0,0.0,29.4,102,60,67,7.2,
0.0,0.0,0.0,29.4,76,59,75,7.2,
0.0,0.0,0.0,29.4,114,49,80,7.3,
0.0,0.0,0.0,29.4,77,52,86,7.4,
0.0,0.0,0.0,29.4,111,53,51,7.5,
0.0,0.0,0.0,29.4,76,49,69,7.2,
0.0,0.0,0.0,29.4,78,57,68,7.3,
0.0,0.0,0.0,29.4,119,75,66,7.3,
0.0,0.0,0.0,29.4,113,62,84,6.9,
0.0,0.0,0.0,29.4,100,74,96,7.4,
0.0,0.0,0.0,29.4,96,44,94,6.8,
0.0,0.0,0.0,29.4,90,63,88,6.9,
0.0,0.0,0.0,29.4,103,51,64,7.0,
0.0,0.0,0.0,29.4,88,57,73,7.0,
0.0,0.0,0.0,29.4,119,77,73,7.2,
0.0,0.0,0.0,29.4,111,77,70,7.0,
0.0,0.0,0.0,29.4,84,43,55,7.2,
0.0,0.0,0.0,29.4,90,44,88,7.3,
0.0,0.0,0.0,29.4,81,52,62,7.4,
0.0,0.0,0.0,29.4,114,67,70,6.8,
0.0,0.0,0.0,29.4,72,67,62,7.1,
0.0,0.0,0.0,29.4,83,56,89,7.3,
0.0,0.0,0.0,29.4,117,41,65,7.1,
0.0,0.0,0.0,29.4,98,57,85,7.3,
0.0,0.0,0.0,29.4,103,64,58,7.0,
0.0,0.0,0.0,29.4,106,79,62,7.1,
0.0,0.0,0.0,29.4,76,53,89,7.2,
0.0,0.0,0.0,29.4,95,41,53,7.3,
0.0,0.0,0.0,29.4,106,56,63,7.1,
0.0,0.0,0.0,29.4,70,54,97,7.4,
0.0,0.0,0.0,29.4,71,54,67,7.0,
0.0,0.0,0.0,29.4,70,72,99,7.2,
0.0,0.0,0.0,29.4,85,52,53,7.2,
0.0,0.0,0.0,29.4,116,51,72,7.2,
0.0,0.0,0.0,29.4,79,75,65,6.9,
0.0,0.0,0.0,29.4,99,44,55,7.3,
0.0,0.0,0.0,29.4,100,45,93,6.9,
0.0,0.0,0.0,29.4,71,56,81,7.0,
0.0,0.0,0.0,29.4,72,50,51,7.3,
0.0,0.0,0.0,29.4,71,47,74,7.0,
0.0,0.0,0.0,29.4,100,65,93,7.1,
0.0,0.0,0.0,29.4,89,61,93,7.2,
0.0,0.0,0.0,29.4,119,70,92,7.4,
0.0,0.0,0.0,29.4,113,78,93,6.9,
0.0,0.0,0.0,29.4,109,63,81,7.0,
0.0,0.0,0.0,29.4,86,71,75,6.9,
0.0,0.0,0.0,29.4,78,64,89,7.3,
0.0,0.0,0.0,29.4,88,70,57,7.2,
0.0,0.0,0.0,29.4,108,45,87,6.9,
0.0,0.0,0.0,29.4,84,52,82,6.8,
0.0,0.0,0.0,29.4,116,71,74,7.4,
0.0,0.0,0.0,29.4,97,69,61,6.8,
0.0,0.0,0.0,29.4,70,52,70,7.0,
0.0,0.0,0.0,29.4,84,43,55,7.5,
0.0,0.0,0.0,29.4,83,51,75,7.1,
0.0,0.0,0.0,29.4,118,57,72,7.2,
0.0,0.0,0.0,29.4,115,72,61,7.3,
0.0,0.0,0.0,29.4,80,69,88,6.9,
0.0,0.0,0.0,29.4,85,45,79,7.2,
0.0,0.0,0.0,29.4,111,43,57,7.4,
0.0,0.0,0.0,29.4,119,67,69,7.1,
0.0,0.0,0.0,29.4,79,59,79,7.4,
0.0,0.0,0.0,29.4,94,40,52,7.5,
0.0,0.0,0.0,29.4,114,61,70,6.9,
0.0,0.0,0.0,29.4,100,75,66,7.2,
0.0,0.0,0.0,29.4,85,78,78,7.5,
0.0,0.0,0.0,29.4,72,55,91,7.3,
0.0,0.0,0.0,29.4,84,46,94,6.9,
0.0,0.0,0.0,29.4,83,52,78,7.0,
0.0,0.0,0.0,29.4,92,61,78,6.9,
0.0,0.0,0.0,29.4,119,57,64,7.3,
0.0,0.0,0.0,29.4,104,43,93,7.2,
0.0,0.0,0.0,29.4,72,48,70,6.9,
0.0,0.0,0.0,29.4,116,42,70,7.3,
0.0,0.0,0.0,29.4,110,41,55,7.0,
0.0,0.0,0.0,29.4,92,71,84,6.8,
0.0,0.0,0.0,29.4,112,67,61,7.4,
0.0,0.0,0.0,29.4,86,76,82,7.1,
0.0,0.0,0.0,29.4,82,57,87,7.3,
0.0,0.0,0.0,29.4,81,53,63,7.4,
0.0,0.0,0.0,29.4,109,70,72,6.9,
0.0,0.0,0.0,29.4,96,64,54,7.1,
0.0,0.0,0.0,29.4,113,50,64,6.8,
0.0,0.0,0.0,29.4,76,79,66,7.4,
0.0,0.0,0.0,29.4,87,55,55,6.9,
0.0,0.0,0.0,29.4,119,48,81,6.8,
0.0,0.0,0.0,29.4,91,65,81,6.9,
0.0,0.0,0.0,29.4,78,75,91,7.2,
0.0,0.0,0.0,29.4,75,42,66,7.0,
0.0,0.0,0.0,29.4,71,64,83,7.1,
0.0,0.0,0.0,29.4,71,79,87,6.9,
0.0,0.0,0.0,29.4,112,48,56,7.4,
0.0,0.0,0.0,29.4,96,47,85,7.5,
0.0,0.0,0.0,29.4,106,75,62,7.3,
0.0,0.0,0.0,29.4,93,72,88,7.2,
0.0,0.0,0.0,29.4,110,77,72,7.2,
0.0,0.0,0.0,29.4,82,44,95,7.3,
0.0,0.0,0.0,29.4,72,59,67,7.4,
0.0,0.0,0.0,29.4,70,45,73,7.0,
0.0,0.0,0.0,29.4,85,76,99,6.9,
0.0,0.0,0.0,29.4,94,56,87,6.9,
0.0,0.0,0.0,29.4,110,52,51,7.4,
0.0,0.0,0.0,29.4,77,42,60,7.2,
0.0,0.0,0.0,29.4,104,51,75,7.1,
0.0,0.0,0.0,29.4,118,70,83,6.8,
0.0,0.0,0.0,29.4,101,57,54,6.9,
0.0,0.0,0.0,29.4,70,75,63,7.1,
0.0,0.0,0.0,29.4,73,47,51,7.1,
0.0,0.0,0.0,29.4,114,71,93,7.3,
0.0,0.0,0.0,29.4,71,56,55,7.3,
0.0,0.0,0.0,29.4,73,42,85,7.4,
0.0,0.0,0.0,29.4,108,44,73,7.2,
0.0,0.0,0.0,29.4,104,67,61,6.8,
0.0,0.0,0.0,29.4,96,53,50,7.2,
0.0,0.0,0.0,29.4,75,66,70,6.9,
0.0,0.0,0.0,29.4,72,76,86,7.2,
0.0,0.0,0.0,29.4,111,73,65,6.8,
0.0,0.0,0.0,29.4,101,75,77,7.4,
0.0,0.0,0.0,29.4,87,65,82,7.4,
0.0,0.0,0.0,29.4,98,63,73,7.0,
0.0,0.0,0.0,29.4,97,79,84,7.2,
0.0,0.0,0.0,29.4,71,61,59,6.9,
0.0,0.0,0.0,29.4,99,68,89,7.1,
0.0,0.0,0.0,29.4,80,78,80,6.9,
0.0,0.0,0.0,29.4,112,47,93,7.0,
0.0,0.0,0.0,29.4,93,65,50,7.4,
0.0,0.0,0.0,29.4,97,71,66,7.2,
0.0,0.0,0.0,29.4,79,62,79,7.2,
0.0,0.0,0.0,29.4,87,64,68,7.2,
0.0,0.0,0.0,29.4,113,72,95,6.8,
0.0,0.0,0.0,29.4,71,69,85,6.9,
0.0,0.0,0.0,29.4,117,61,79,7.0,
0.0,0.0,0.0,29.4,116,79,66,7.4,
0.0,0.0,0.0,29.4,91,51,97,7.1,
0.0,0.0,0.0,29.4,74,41,68,7.4,
0.0,0.0,0.0,29.4,116,59,86,7.0,
0.0,0.0,0.0,29.4,97,64,73,6.9,
0.0,0.0,0.0,29.4,112,53,59,7.2,
0.0,0.0,0.0,29.4,72,60,83,7.0,
0.0,0.0,0.0,29.4,90,55,65,7.5,
0.0,0.0,0.0,29.4,94,50,97,7.2,
0.0,0.0,0.0,29.4,70,77,73,7.1,
0.0,0.0,0.0,29.4,101,45,79,7.1,
0.0,0.0,0.0,29.4,73,72,69,7.2,
0.0,0.0,0.0,29.4,102,71,99,6.9,
0.0,0.0,0.0,29.4,95,59,91,7.5,
0.0,0.0,0.0,29.4,81,66,79,7.3,
0.0,0.0,0.0,29.4,100,72,50,7.1,
0.0,0.0,0.0,29.4,81,68,98,7.4,
0.0,0.0,0.0,29.4,72,74,74,7.5,
0.0,0.0,0.0,29.4,86,68,67,7.3,
0.0,0.0,0.0,29.4,99,75,66,7.0,
0.0,0.0,0.0,29.4,109,75,64,7.3,
0.0,0.0,0.0,29.4,71,57,66,6.8,
0.0,0.0,0.0,29.4,105,45,92,7.4,
0.0,0.0,0.0,29.4,87,46,70,7.2,
0.0,0.0,0.0,29.4,107,46,55,6.9,
0.0,0.0,0.0,29.4,112,67,71,7.4,
0.0,0.0,0.0,29.4,115,74,64,7.3,
0.0,0.0,0.0,29.4,99,65,57,7.2,
0.0,0.0,0.0,29.4,74,42,69,6.8,
0.0,0.0,0.0,29.4,116,73,84,7.0,
0.0,0.0,0.0,29.4,105,53,92,7.4,
0.0,0.0,0.0,29.4,76,57,96,6.9,
0.0,0.0,0.0,29.4,91,75,64,6.8,
0.0,0.0,0.0,29.4,81,46,72,7.2,
0.0,0.0,0.0,29.4,76,72,51,7.4,
0.0,0.0,0.0,29.4,117,57,63,7.1,
0.0,0.0,0.0,29.4,101,74,91,6.9,
0.0,0.0,0.0,29.4,85,56,83,7.4,
0.0,0.0,0.0,29.4,91,77,67,7.4,
0.0,0.0,0.0,29.4,71,66,99,6.9,
0.0,0.0,0.0,29.4,76,60,67,7.4,
0.0,0.0,0.0,29.4,115,64,82,7.5,
0.0,0.0,0.0,29.4,72,43,95,6.8,
0.0,0.0,0.0,29.4,81,53,93,7.5,
0.0,0.0,0.0,29.4,110,75,79,7.3,
0.0,0.0,0.0,29.4,111,60,77,6.9,
0.0,0.0,0.0,29.4,100,67,80,7.2,
0.0,0.0,0.0,29.4,72,50,82,7.2,
0.0,0.0,0.0,29.4,103,57,72,7.1,
0.0,0.0,0.0,29.4,96,76,90,7.2,
0.0,0.0,0.0,29.4,117,75,57,6.9,
0.0,0.0,0.0,29.4,91,76,76,7.5,
0.0,0.0,0.0,29.4,84,74,74,6.8,
0.0,0.0,0.0,29.4,90,77,76,7.3,
0.0,0.0,0.0,29.4,75,61,58,6.8,
0.0,0.0,0.0,29.4,117,42,75,7.1,
0.0,0.0,0.0,29.4,97,64,84,7.3,
0.0,0.0,0.0,29.4,113,48,72,7.4,
0.0,0.0,0.0,29.4,102,55,68,7.3,
0.0,0.0,0.0,29.4,117,75,75,6.9,
0.0,0.0,0.0,29.4,119,61,71,6.9,
0.0,0.0,0.0,29.4,96,71,82,7.4,
0.0,0.0,0.0,29.4,105,50,61,7.2,
0.0,0.0,0.0,29.4,78,66,97,6.9,
0.0,0.0,0.0,29.4,119,64,59,7.0,
0.0,0.0,0.0,29.4,94,55,54,7.3,
0.0,0.0,0.0,29.4,101,71,74,7.0,
0.0,0.0,0.0,29.4,70,76,93,7.4,
0.0,0.0,0.0,29.4,80,59,82,7.1,
0.0,0.0,0.0,29.4,118,43,83,7.0,
0.0,0.0,0.0,29.4,80,78,50,7.4,
0.0,0.0,0.0,29.4,106,51,65,7.3,
0.0,0.0,0.0,29.4,93,60,97,7.4,
0.0,0.0,0.0,29.4,111,40,86,7.0,
0.0,0.0,0.0,29.4,72,60,71,7.2,
0.0,0.0,0.0,29.4,105,45,99,7.2,
0.0,0.0,0.0,29.4,77,73,94,6.9,
0.0,0.0,0.0,29.4,117,52,98,7.1,
0.0,0.0,0.0,29.4,78,64,89,7.0,
0.0,0.0,0.0,29.4,94,77,60,7.4,
0.0,0.0,0.0,29.4,89,66,97,7.1,
0.0,0.0,0.0,29.4,107,76,56,7.1,
0.0,0.0,0.0,29.4,76,75,88,6.9,
0.0,0.0,0.0,29.4,76,75,67,7.2,
0.0,0.0,0.0,29.4,78,75,58,7.2,
0.0,0.0,0.0,29.4,111,66,92,7.3,
0.0,0.0,0.0,29.4,115,64,53,6.9,
0.0,0.0,0.0,29.4,71,42,68,7.2,
0.0,0.0,0.0,29.4,90,55,84,7.3,
0.0,0.0,0.0,29.4,79,79,55,7.4,
0.0,0.0,0.0,29.4,76,47,99,6.8,
0.0,0.0,0.0,29.4,92,44,79,7.2,
0.0,0.0,0.0,29.4,112,59,96,7.0,
0.0,0.0,0.0,29.4,79,74,58,6.8,
0.0,0.0,0.0,29.4,79,71,57,7.1,
0.0,0.0,0.0,29.4,99,49,90,7.2,
0.0,0.0,0.0,29.4,112,67,63,7.2,
0.0,0.0,0.0,29.4,70,55,67,7.4,
0.0,0.0,0.0,29.4,96,67,74,6.9,
0.0,0.0,0.0,29.4,88,62,70,7.3,
0.0,0.0,0.0,29.4,75,77,74,7.3,
0.0,0.0,0.0,29.4,93,42,93,6.9,
0.0,0.0,0.0,29.4,93,69,88,7.2,
0.0,0.0,0.0,29.4,89,53,54,6.8,
0.0,0.0,0.0,29.4,113,45,81,7.0,
0.0,0.0,0.0,29.4,108,59,50,7.2,
0.0,0.0,0.0,29.4,110,51,91,7.0,
0.0,0.0,0.0,29.4,73,75,82,7.2,
0.0,0.0,0.0,29.4,73,59,96,7.5,
0.0,0.0,0.0,29.4,104,56,54,7.0,
0.0,0.0,0.0,29.4,118,77,73,7.1,
0.0,0.0,0.0,29.4,115,57,72,7.4,
0.0,0.0,0.0,29.4,78,49,52,7.0,
0.0,0.0,0.0,29.4,101,57,87,7.3,
0.0,0.0,0.0,29.4,105,65,80,7.0,
0.0,0.0,0.0,29.4,101,78,52,7.1,
0.0,0.0,0.0,29.4,118,70,90,6.9,
0.0,0.0,0.0,29.4,82,63,86,7.1,
0.0,0.0,0.0,29.4,93,78,53,7.3,
0.0,0.0,0.0,29.4,101,43,56,7.1,
0.0,0.0,0.0,29.4,101,45,93,6.9,
0.0,0.0,0.0,29.4,96,62,62,7.2,
0.0,0.0,0.0,29.4,82,70,52,7.3,
0.0,0.0,0.0,29.4,110,57,78,7.2,
0.0,0.0,0.0,29.4,117,73,64,7.4,
0.0,0.0,0.0,29.4,104,68,75,7.4,
0.0,0.0,0.0,29.4,118,47,78,7.0,
0.0,0.0,0.0,29.4,85,61,74,7.0,
0.0,0.0,0.0,29.4,110,73,70,7.0,
0.0,0.0,0.0,29.4,102,54,91,7.4,
0.0,0.0,0.0,29.4,109,52,66,6.9,
0.0,0.0,0.0,29.4,97,61,94,6.9,
0.0,0.0,0.0,29.4,108,72,66,6.9,
0.0,0.0,0.0,29.4,81,68,70,7.4,
0.0,0.0,0.0,29.4,92,73,88,7.2,
0.0,0.0,0.0,29.4,91,68,91,7.0,
0.0,0.0,0.0,29.4,86,46,82,7.2,
0.0,0.0,0.0,29.4,72,63,69,7.3,
0.0,0.0,0.0,29.4,89,60,66,7.3,
0.0,0.0,0.0,29.4,108,66,86,7.2,
0.0,0.0,0.0,29.4,98,50,82,7.1,
0.0,0.0,0.0,29.4,91,47,59,6.8,
0.0,0.0,0.0,29.4,104,46,82,7.1,
0.0,0.0,0.0,29.4,114,62,71,7.1,
0.0,0.0,0.0,29.4,84,76,50,6.9,
0.0,0.0,0.0,29.4,76,79,56,6.8,
0.0,0.0,0.0,29.4,96,59,82,7.1,
0.0,0.0,0.0,29.4,90,50,52,6.9,
0.0,0.0,0.0,29.4,97,40,52,7.2,
0.0,0.0,0.0,29.4,81,44,78,6.8,
0.0,0.0,0.0,29.4,89,67,90,7.0,
0.0,0.0,0.0,29.4,90,73,63,6.9,
0.0,0.0,0.0,29.4,77,49,78,7.3,
0.0,0.0,0.0,29.4,80,62,69,7.0,
0.0,0.0,0.0,29.4,116,79,96,7.4,
0.0,0.0,0.0,29.4,113,53,60,6.8,
0.0,0.0,0.0,29.4,80,50,51,7.4,
0.0,0.0,0.0,29.4,78,57,64,7.0,
0.0,0.0,0.0,29.4,92,73,59,7.2,
0.0,0.0,0.0,29.4,72,54,82,7.0,
0.0,0.0,0.0,29.4,80,45,54,7.1,
0.0,0.0,0.0,29.4,102,73,57,6.8,
0.0,0.0,0.0,29.4,109,65,94,7.5,
0.0,0.0,0.0,29.4,77,78,82,7.1,
0.0,0.0,0.0,29.4,86,44,90,7.2,
0.0,0.0,0.0,29.4,75,41,96,7.4,
0.0,0.0,0.0,29.4,104,43,79,7.0,
0.0,0.0,0.0,29.4,94,71,57,7.1,
0.0,0.0,0.0,29.4,111,56,73,7.5,
0.0,0.0,0.0,29.4,76,74,96,7.3,
0.0,0.0,0.0,29.4,76,74,51,7.1,
0.0,0.0,0.0,29.4,115,47,57,7.5,
0.0,0.0,0.0,29.4,100,79,83,7.2,
0.0,0.0,0.0,29.4,85,74,51,6.9,
0.0,0.0,0.0,29.4,77,56,50,6.8,
0.0,0.0,0.0,29.4,77,41,61,7.5,
0.0,0.0,0.0,29.4,94,45,68,7.4,
0.0,0.0,0.0,29.4,85,47,69,7.2,
0.0,0.0,0.0,29.4,105,59,63,7.1,
0.0,0.0,0.0,29.4,91,79,59,7.2,
0.0,0.0,0.0,29.4,80,55,68,6.9,
0.0,0.0,0.0,29.4,82,79,61,7.4,
0.0,0.0,0.0,29.4,102,73,81,7.0,
0.0,0.0,0.0,29.4,109,62,79,7.2,
0.0,0.0,0.0,29.4,104,73,63,7.4,
0.0,0.0,0.0,29.4,87,63,71,7.5,
0.0,0.0,0.0,29.4,116,77,50,7.2,
0.0,0.0,0.0,29.4,117,68,63,6.8,
0.0,0.0,0.0,29.4,82,45,65,6.9,
0.0,0.0,0.0,29.4,108,46,84,7.1,
0.0,0.0,0.0,29.4,99,61,77,7.3,
0.0,0.0,0.0,29.4,72,57,58,6.8,
0.0,0.0,0.0,29.4,92,41,74,7.3,
0.0,0.0,0.0,29.4,75,79,98,6.9,
0.0,0.0,0.0,29.4,89,47,96,7.5,
0.0,0.0,0.0,29.4,84,65,97,6.9,
0.0,0.0,0.0,29.4,104,49,68,6.9,
0.0,0.0,0.0,29.4,107,58,92,6.9,
0.0,0.0,0.0,29.4,94,63,60,7.2,
0.0,0.0,0.0,29.4,102,43,55,6.8,
0.0,0.0,0.0,29.4,94,51,64,7.3,
0.0,0.0,0.0,29.4,75,45,60,7.5,
0.0,0.0,0.0,29.4,81,72,68,7.2,
0.0,0.0,0.0,29.4,119,47,70,7.3,
0.0,0.0,0.0,29.4,82,73,88,6.8,
0.0,0.0,0.0,29.4,97,56,90,6.9,
0.0,0.0,0.0,29.4,96,58,85,7.3,
0.0,0.0,0.0,29.4,81,43,70,7.1,
0.0,0.0,0.0,29.4,74,57,75,6.9,
0.0,0.0,0.0,29.4,94,40,83,7.1,
0.0,0.0,0.0,29.4,115,65,92,7.4,
0.0,0.0,0.0,29.4,88,53,65,7.1,
0.0,0.0,0.0,29.4,96,79,93,7.2,
0.0,0.0,0.0,29.4,107,47,58,7.1,
0.0,0.0,0.0,29.4,96,78,67,6.8,
0.0,0.0,0.0,29.4,70,58,85,6.9,
0.0,0.0,0.0,29.4,91,49,78,7.1,
0.0,0.0,0.0,29.4,78,73,52,6.9,
0.0,0.0,0.0,29.4,82,69,79,7.1,
0.0,0.0,0.0,29.4,105,52,83,7.2,
0.0,0.0,0.0,29.4,112,49,55,7.5,
0.0,0.0,0.0,29.4,70,74,85,7.4,
0.0,0.0,0.0,29.4,86,60,85,7.3,
0.0,0.0,0.0,29.4,95,47,95,6.8,
0.0,0.0,0.0,29.4,114,60,90,7.4,
0.0,0.0,0.0,29.4,87,73,90,7.1,
0.0,0.0,0.0,29.4,93,67,51,7.1,
0.0,0.0,0.0,29.4,117,63,75,7.2,
0.0,0.0,0.0,29.4,111,77,68,7.4,
0.0,0.0,0.0,29.4,70,48,72,7.3,
0.0,0.0,0.0,29.4,110,59,83,7.1,
0.0,0.0,0.0,29.4,112,77,51,7.3,
0.0,0.0,0.0,29.4,110,48,91,7.0,
0.0,0.0,0.0,29.4,72,43,54,6.9,
0.0,0.0,0.0,29.4,116,71,92,7.1,
0.0,0.0,0.0,29.4,94,66,92,7.3,
0.0,0.0,0.0,29.4,109,54,67,7.1,
0.0,0.0,0.0,29.4,91,54,95,7.1,
0.0,0.0,0.0,29.4,89,76,51,7.2,
0.0,0.0,0.0,29.4,76,53,56,7.1,
0.0,0.0,0.0,29.4,70,79,63,7.0,
0.0,0.0,0.0,29.4,112,49,81,7.0,
0.0,0.0,0.0,29.4,99,76,99,6.9,
0.0,0.0,0.0,29.4,81,77,77,6.9,
0.0,0.0,0.0,29.4,100,69,66,7.2,
0.0,0.0,0.0,29.4,97,48,90,7.3,
0.0,0.0,0.0,29.4,103,49,72,6.8,
0.0,0.0,0.0,29.4,102,62,79,7.0,
0.0,0.0,0.0,29.4,106,74,58,7.5,
0.0,0.0,0.0,29.4,77,63,78,7.4,
0.0,0.0,0.0,29.4,93,74,91,6.8,
0.0,0.0,0.0,29.4,105,77,77,7.0,
0.0,0.0,0.0,29.4,82,72,82,7.4,
0.0,0.0,0.0,29.4,80,59,97,7.5,
0.0,0.0,0.0,29.4,90,55,51,7.1,
0.0,0.0,0.0,29.4,79,59,79,7.3,
0.0,0.0,0.0,29.4,116,73,55,7.3,
0.0,0.0,0.0,29.4,96,74,71,7.0,
0.0,0.0,0.0,29.4,112,51,50,7.2,
0.0,0.0,0.0,29.4,106,47,98,7.2,
0.0,0.0,0.0,29.4,91,49,59,7.2,
0.0,0.0,0.0,29.4,76,56,98,6.9,
0.0,0.0,0.0,29.4,104,55,66,7.1,
0.0,0.0,0.0,29.4,95,40,86,6.8,
0.0,0.0,0.0,29.4,74,71,59,6.9,
0.0,0.0,0.0,29.4,98,40,91,6.8,
0.0,0.0,0.0,29.4,72,43,96,7.4,
0.0,0.0,0.0,29.4,84,70,86,7.0,
0.0,0.0,0.0,29.4,103,48,98,7.0,
0.0,0.0,0.0,29.4,92,73,85,7.4,
0.0,0.0,0.0,29.4,73,51,76,7.2,
0.0,0.0,0.0,29.4,91,40,65,7.1,
0.0,0.0,0.0,29.4,119,79,68,7.3,
0.0,0.0,0.0,29.4,119,53,94,6.9,
0.0,0.0,0.0,29.4,109,73,79,7.1,
0.0,0.0,0.0,29.4,84,73,80,7.2,
0.0,0.0,0.0,29.4,90,49,51,7.3,
0.0,0.0,0.0,29.4,103,74,50,6.9,
0.0,0.0,0.0,29.4,70,51,73,7.4,
0.0,0.0,0.0,29.4,98,52,95,7.1,
0.0,0.0,0.0,29.4,74,55,64,6.9,
0.0,0.0,0.0,29.4,70,46,55,7.2,
0.0,0.0,0.0,29.4,113,59,90,6.8,
0.0,0.0,0.0,29.4,104,76,81,7.1,
0.0,0.0,0.0,29.4,77,51,55,7.4,
0.0,0.0,0.0,29.4,98,62,81,6.9,
0.0,0.0,0.0,29.4,101,64,85,7.0,
0.0,0.0,0.0,29.4,83,78,67,7.5,
0.0,0.0,0.0,29.4,79,75,53,7.1,
0.0,0.0,0.0,29.4,113,57,53,7.2,
0.0,0.0,0.0,29.4,80,79,80,7.4,
0.0,0.0,0.0,29.4,81,56,51,6.8,
0.0,0.0,0.0,29.4,118,57,99,7.3,
0.0,0.0,0.0,29.4,83,72,74,7.3,
0.0,0.0,0.0,29.4,82,56,62,6.8,
0.0,0.0,0.0,29.4,70,45,71,7.4,
0.0,0.0,0.0,29.4,83,64,79,7.5,
0.0,0.0,0.0,29.4,72,56,51,7.1,
0.0,0.0,0.0,29.4,89,59,95,7.1,
0.0,0.0,0.0,29.4,118,64,98,7.1,
0.0,0.0,0.0,29.4,110,48,69,7.1,
0.0,0.0,0.0,29.4,108,42,80,7.0,
0.0,0.0,0.0,29.4,80,53,67,6.9,
0.0,0.0,0.0,29.4,112,73,57,7.4,
0.0,0.0,0.0,29.4,86,69,83,7.5,
0.0,0.0,0.0,29.4,79,62,99,7.1,
0.0,0.0,0.0,29.4,81,77,79,7.5,
0.0,0.0,0.0,29.4,77,61,54,7.4,
0.0,0.0,0.0,29.4,114,64,60,7.2,
0.0,0.0,0.0,29.4,74,75,74,7.3,
0.0,0.0,0.0,29.4,86,54,68,7.4,
0.0,0.0,0.0,29.4,71,49,73,7.4,
0.0,0.0,0.0,29.4,90,64,97,6.8,
0.0,0.0,0.0,29.4,72,45,97,6.9,
0.0,0.0,0.0,29.4,81,56,67,7.5,
0.0,0.0,0.0,29.4,117,78,60,7.4,
0.0,0.0,0.0,29.4,93,72,96,7.3,
0.0,0.0,0.0,29.4,107,71,94,7.5,
0.0,0.0,0.0,29.4,104,52,79,7.1,
0.0,0.0,0.0,29.4,90,57,65,7.3,
0.0,0.0,0.0,29.4,71,63,67,7.4,
0.0,0.0,0.0,29.4,111,74,59,7.2,
0.0,0.0,0.0,29.4,111,68,97,7.3,
0.0,0.0,0.0,29.4,76,61,80,7.2,
0.0,0.0,0.0,29.4,94,50,56,6.9,
0.0,0.0,0.0,29.4,114,60,85,7.4,
0.0,0.0,0.0,29.4,72,49,61,7.1,
0.0,0.0,0.0,29.4,72,66,54,6.9,
0.0,0.0,0.0,29.4,89,60,91,6.8,
0.0,0.0,0.0,29.4,110,71,85,7.4,
0.0,0.0,0.0,29.4,83,45,74,7.3,
0.0,0.0,0.0,29.4,101,75,84,7.3,
0.0,0.0,0.0,29.4,104,46,51,7.1,
0.0,0.0,0.0,29.4,79,53,99,7.4,
0.0,0.0,0.0,29.4,87,52,80,7.0,
0.0,0.0,0.0,29.4,106,72,89,7.2,
0.0,0.0,0.0,29.4,73,59,63,7.0,
0.0,0.0,0.0,29.4,91,44,72,7.0,
0.0,0.0,0.0,29.4,103,47,53,6.9,
0.0,0.0,0.0,29.4,90,79,74,7.2,
0.0,0.0,0.0,29.4,83,44,51,7.4,
0.0,0.0,0.0,29.4,99,72,59,7.0,
0.0,0.0,0.0,29.4,81,74,93,7.5,
0.0,0.0,0.0,29.4,83,47,51,7.1,
0.0,0.0,0.0,29.4,104,55,90,7.1,
0.0,0.0,0.0,29.4,106,64,85,6.8,
0.0,0.0,0.0,29.4,98,59,70,7.4,
0.0,0.0,0.0,29.4,99,56,82,7.0,
0.0,0.0,0.0,29.4,117,56,93,7.3,
0.0,0.0,0.0,29.4,96,42,54,6.9,
0.0,0.0,0.0,29.4,82,52,66,7.5,
0.0,0.0,0.0,29.4,70,72,68,7.4,
0.0,0.0,0.0,29.4,113,56,81,7.1,
0.0,0.0,0.0,29.4,83,59,96,7.0,
0.0,0.0,0.0,29.4,70,40,75,7.1,
0.0,0.0,0.0,29.4,108,66,56,7.2,
678.0,39.0,0.0,29.4,39,25,48,7.1,
0.0,39.0,0.0,29.4,110,44,71,7.3,
678.0,39.0,678.0,29.4,54,22,41,7.2,
680.0,39.0,678.0,29.4,52,21,47,7.0,
6678.0,38.9,677.0,29.4,34,28,27,7.2,
680.0,38.9,680.0,29.4,49,36,49,7.2,
678.0,38.9,678.0,29.4,31,29,46,7.0,
678.0,38.9,678.0,29.4,40,34,22,6.8,
678.0,38.9,678.0,29.4,42,25,30,6.8,
0.0,39.0,0.0,29.4,105,55,60,7.1,
6677.0,39.0,678.0,29.4,32,24,38,6.8,
0.0,38.9,0.0,29.4,99,44,87,7.2,
0.0,0.0,0.0,29.4,113,66,65,7.4,
677.0,38.9,677.0,29.4,43,39,29,7.3,
677.0,38.9,677.0,29.4,52,25,38,7.2,
677.0,38.8,678.0,29.4,46,35,26,6.9,
679.0,38.8,679.0,29.4,55,27,30,6.9,
6678.0,38.9,677.0,29.4,46,24,20,7.2,
677.0,38.9,678.0,29.4,45,34,24,7.1,
677.0,38.8,677.0,29.3,40,27,22,7.2,
678.0,38.8,677.0,29.3,57,22,21,7.4,
6678.0,38.9,0.0,29.3,33,20,30,7.1,
0.0,0.0,0.0,29.3,75,72,90,7.1,
0.0,38.9,0.0,29.3,92,75,54,7.3,
678.0,38.9,0.0,29.3,54,28,23,7.0,
0.0,38.9,0.0,29.3,91,70,99,6.8,
677.0,38.9,677.0,29.3,38,24,38,7.3,
6679.0,38.9,679.0,29.3,33,26,29,7.2,
677.0,38.9,678.0,29.3,43,29,43,6.9,
677.0,38.9,677.0,29.3,57,37,47,7.5,
677.0,38.8,677.0,29.3,51,33,30,6.8,
6677.0,38.9,677.0,29.3,34,33,24,6.8,
677.0,38.9,0.0,29.3,53,25,24,7.0,
0.0,0.0,0.0,29.3,105,45,83,7.2,
677.0,38.7,677.0,29.4,31,37,37,7.1,
6677.0,38.7,677.0,29.4,49,24,43,7.2,
677.0,38.7,677.0,29.4,48,31,22,7.3,
678.0,38.8,678.0,29.4,55,32,44,6.8,
677.0,38.7,677.0,29.4,59,21,43,7.2,
677.0,38.7,677.0,29.3,47,22,28,6.9,
677.0,38.7,677.0,29.4,38,32,45,7.0,
6677.0,38.7,678.0,29.4,40,30,22,7.0,
677.0,38.7,678.0,29.3,31,21,37,7.4,
677.0,38.7,677.0,29.3,53,35,37,7.2,
677.0,38.7,678.0,29.3,30,31,49,7.2,
6677.0,38.7,677.0,29.3,53,30,43,6.9,
677.0,38.8,678.0,29.3,43,38,33,7.2,
677.0,38.8,678.0,29.4,30,36,25,7.1,
677.0,38.8,677.0,29.4,48,33,32,7.1,
677.0,38.8,677.0,29.4,35,23,32,7.3,
677.0,38.8,677.0,29.4,51,38,35,7.2,
677.0,38.8,677.0,29.4,48,25,31,7.3,
677.0,38.8,677.0,29.4,57,24,43,7.2,
677.0,38.8,677.0,29.4,33,31,43,7.3,
677.0,38.8,677.0,29.4,41,30,40,7.0,
677.0,38.8,677.0,29.4,53,39,31,6.9,
677.0,38.8,677.0,29.4,43,38,38,7.1,
677.0,38.8,677.0,29.4,37,23,28,7.3,
677.0,38.8,677.0,29.4,49,23,37,7.4,
677.0,38.8,677.0,29.4,47,26,47,7.1,
677.0,38.8,677.0,29.4,41,35,45,7.2,
677.0,38.8,677.0,29.4,56,31,22,7.1,
677.0,38.8,677.0,29.4,31,39,48,7.2,
677.0,38.8,677.0,29.4,34,20,25,7.4,
677.0,38.8,677.0,29.4,49,21,34,7.5,
677.0,38.8,677.0,29.4,38,31,24,7.2,
677.0,38.8,677.0,29.4,50,30,40,7.2,
677.0,38.8,677.0,29.4,53,39,25,7.4,
677.0,38.8,677.0,29.4,30,25,24,7.0,
677.0,38.8,677.0,29.4,59,32,49,7.4,
677.0,38.8,677.0,29.4,55,39,20,7.1,
677.0,38.8,677.0,29.4,30,21,32,7.4,
677.0,38.8,677.0,29.4,59,31,48,7.4,
677.0,38.8,677.0,29.4,33,39,22,7.1,
677.0,38.8,677.0,29.4,34,32,25,7.2,
677.0,38.8,677.0,29.4,35,28,20,7.5,
677.0,38.8,677.0,29.4,38,20,43,7.1,
677.0,38.8,677.0,29.4,59,38,38,7.2,
677.0,38.8,677.0,29.4,38,32,25,7.0,
677.0,38.8,677.0,29.4,47,34,29,7.1,
677.0,38.8,677.0,29.4,42,29,32,6.9,
677.0,38.8,677.0,29.4,38,23,39,7.1,
677.0,38.8,677.0,29.4,53,37,23,7.3,
677.0,38.8,677.0,29.4,48,37,32,7.2,
677.0,38.8,677.0,29.4,36,39,48,7.3,
677.0,38.8,677.0,29.4,32,37,47,6.8,
677.0,38.8,677.0,29.4,52,26,49,7.3,
677.0,38.8,677.0,29.4,37,23,33,6.8,
677.0,38.8,677.0,29.4,56,34,45,7.2,
677.0,38.8,677.0,29.4,49,26,39,7.0,
677.0,38.8,677.0,29.4,51,25,48,7.1,
677.0,38.8,677.0,29.4,33,24,33,6.9,
677.0,38.8,677.0,29.4,32,38,32,7.3,
677.0,38.8,677.0,29.4,45,33,48,7.3,
677.0,38.8,677.0,29.4,45,28,32,7.4,
677.0,38.8,677.0,29.4,35,25,35,7.1,
677.0,38.8,677.0,29.4,58,38,45,7.2,
677.0,38.8,677.0,29.4,53,34,43,7.0,
677.0,38.8,677.0,29.4,57,36,49,7.3,
677.0,38.8,677.0,29.4,32,26,23,7.4,
677.0,38.8,677.0,29.4,44,34,45,7.1,
677.0,38.8,677.0,29.4,50,38,35,6.8,
677.0,38.8,677.0,29.4,51,26,46,7.3,
677.0,38.8,677.0,29.4,38,35,48,7.0,
677.0,38.8,677.0,29.4,41,22,22,7.4,
677.0,38.8,677.0,29.4,31,20,39,7.4,
677.0,38.8,677.0,29.4,50,32,39,7.0,
677.0,38.8,677.0,29.4,41,30,32,7.2,
677.0,38.8,677.0,29.4,57,39,25,6.8,
677.0,38.8,677.0,29.4,55,35,31,7.2,
677.0,38.8,677.0,29.4,54,29,36,7.0,
677.0,38.8,677.0,29.4,45,20,32,7.4,
677.0,38.8,677.0,29.4,44,38,28,7.2,
677.0,38.8,677.0,29.4,41,33,33,6.9,
677.0,38.8,677.0,29.4,57,33,29,7.2,
677.0,38.8,677.0,29.4,44,34,48,7.5,
677.0,38.8,677.0,29.4,57,26,47,6.9,
677.0,38.8,677.0,29.4,34,31,38,7.5,
677.0,38.8,677.0,29.4,33,21,39,7.5,
677.0,38.8,677.0,29.4,38,25,35,7.3,
677.0,38.8,677.0,29.4,33,31,31,7.4,
677.0,38.8,677.0,29.4,52,32,35,7.1,
677.0,38.8,677.0,29.4,50,37,20,7.0,
677.0,38.8,677.0,29.4,32,29,40,7.2,
677.0,38.8,677.0,29.4,51,29,23,7.2,
677.0,38.8,677.0,29.4,49,35,27,7.4,
677.0,38.8,677.0,29.4,34,33,36,7.3,
677.0,38.8,677.0,29.4,36,30,34,7.1,
677.0,38.8,677.0,29.4,52,23,47,7.3,
677.0,38.8,677.0,29.4,43,25,30,6.9,
677.0,38.8,677.0,29.4,53,35,36,6.9,
677.0,38.8,677.0,29.4,46,37,47,7.0,
677.0,38.8,677.0,29.4,33,20,41,6.9,
677.0,38.8,677.0,29.4,40,27,20,6.9,
677.0,38.8,677.0,29.4,41,37,24,7.5,
677.0,38.8,677.0,29.4,33,32,35,7.0,
677.0,38.8,677.0,29.4,45,34,32,7.2,
677.0,38.8,677.0,29.4,44,33,20,6.9,
677.0,38.8,677.0,29.4,44,22,30,7.2,
677.0,38.8,677.0,29.4,40,34,36,7.3,
677.0,38.8,677.0,29.4,33,36,25,7.4,
677.0,38.8,677.0,29.4,54,20,40,7.3,
677.0,38.8,677.0,29.4,34,37,46,7.5,
677.0,38.8,677.0,29.4,35,29,42,6.8,
677.0,38.8,677.0,29.4,39,20,28,7.4,
677.0,38.8,677.0,29.4,38,33,21,6.9,
677.0,38.8,677.0,29.4,56,33,24,7.0,
677.0,38.8,677.0,29.4,44,38,45,7.4,
677.0,38.8,677.0,29.4,59,27,33,6.9,
677.0,38.8,677.0,29.4,32,38,47,7.2,
677.0,38.8,677.0,29.4,46,39,38,6.8,
677.0,38.8,677.0,29.4,37,29,38,7.0,
677.0,38.8,677.0,29.4,52,34,32,6.9,
677.0,38.8,677.0,29.4,33,38,44,7.0,
677.0,38.8,677.0,29.4,40,36,28,7.3,
677.0,38.8,677.0,29.4,55,34,44,7.5,
677.0,38.8,677.0,29.4,42,38,38,7.0,
677.0,38.8,677.0,29.4,49,25,35,7.1,
677.0,38.8,677.0,29.4,56,26,42,7.4,
677.0,38.8,677.0,29.4,47,20,33,7.1,
677.0,38.8,677.0,29.4,39,34,49,7.0,
677.0,38.8,677.0,29.4,47,25,43,7.0,
677.0,38.8,677.0,29.4,36,34,36,6.8,
677.0,38.8,677.0,29.4,56,23,35,6.8,
677.0,38.8,677.0,29.4,51,28,45,6.9,
677.0,38.8,677.0,29.4,30,25,24,6.8,
677.0,38.8,677.0,29.4,31,28,44,7.2,
677.0,38.8,677.0,29.4,41,30,37,7.3,
677.0,38.8,677.0,29.4,42,39,35,7.0,
677.0,38.8,677.0,29.4,34,34,32,7.0,
677.0,38.8,677.0,29.4,35,26,35,7.3,
677.0,38.8,677.0,29.4,52,20,23,6.9,
677.0,38.8,677.0,29.4,30,32,38,6.8,
668.0,41.8,556.0,29.0,54,28,31,7.0,
669.0,41.8,557.0,29.0,30,23,34,7.5,
669.0,41.8,557.0,29.0,58,29,24,7.3,
670.0,41.8,557.0,29.0,37,36,25,6.9,
670.0,41.8,557.0,29.0,34,21,28,7.3,
6668.0,41.8,557.0,29.0,41,38,49,7.3,
6668.0,41.8,557.0,29.0,44,34,23,7.1,
669.0,41.8,558.0,29.0,55,39,20,6.8,
669.0,41.8,558.0,29.0,37,28,32,7.3,
669.0,41.9,558.0,29.0,53,20,25,6.9,
669.0,41.9,558.0,29.0,56,27,45,7.0,
669.0,41.9,559.0,29.0,42,27,40,6.9,
669.0,41.9,559.0,29.0,39,39,25,7.3,
6669.0,41.9,556.0,29.0,59,27,20,7.1,
6669.0,41.9,556.0,29.0,55,28,43,7.0,
668.0,42.0,555.0,29.1,46,35,36,7.1,
668.0,42.0,555.0,29.1,47,24,22,7.5,
669.0,42.0,554.0,29.0,30,36,33,7.4,
669.0,42.0,554.0,29.0,53,39,22,6.9,
669.0,42.1,554.0,29.0,45,30,45,6.9,
669.0,42.1,554.0,29.0,51,27,43,7.3,
6669.0,42.0,554.0,29.0,30,25,24,6.9,
6669.0,42.0,554.0,29.0,44,27,29,6.8,
669.0,42.2,554.0,29.1,59,26,41,7.3,
669.0,42.2,554.0,29.1,34,24,40,7.3,
0.0,42.1,0.0,29.1,100,45,53,7.4,
677.0,41.2,564.0,28.0,45,31,36,7.4,
677.0,41.2,564.0,28.0,56,35,47,7.4,
677.0,41.2,564.0,28.0,50,38,40,6.9,
677.0,41.2,564.0,28.0,53,24,25,7.0,
677.0,41.2,564.0,28.0,39,27,26,7.2,
677.0,41.2,564.0,28.0,56,26,27,7.4,
677.0,41.2,564.0,28.0,56,20,48,7.2,
677.0,41.2,564.0,28.0,46,36,39,7.3,
677.0,41.2,564.0,28.0,40,28,42,7.4,
677.0,41.2,564.0,28.0,43,31,40,7.3,
677.0,41.2,564.0,28.0,53,33,47,7.2,
677.0,41.2,564.0,28.0,46,26,45,7.0,
677.0,41.2,564.0,28.0,48,22,44,6.9,
677.0,41.2,564.0,28.0,45,20,39,7.0,
677.0,41.2,564.0,28.0,32,31,39,7.0,
677.0,41.2,564.0,28.0,35,35,39,6.9,
677.0,41.2,564.0,28.0,55,21,25,6.9,
677.0,41.2,564.0,28.0,43,21,44,7.2,
677.0,41.2,564.0,28.0,49,21,20,7.4,
677.0,41.2,564.0,28.0,35,21,37,6.9,
677.0,41.2,564.0,28.0,50,20,32,7.5,
677.0,41.2,564.0,28.0,42,27,30,7.4,
677.0,41.2,564.0,28.0,34,25,40,7.2,
677.0,41.2,564.0,28.0,36,37,34,6.9,
677.0,41.2,564.0,28.0,37,37,34,7.4,
677.0,41.2,564.0,28.0,32,31,33,7.5,
677.0,41.2,564.0,28.0,38,32,24,7.2,
677.0,41.2,564.0,28.0,33,39,32,6.9,
677.0,41.2,564.0,28.0,30,32,20,7.1,
677.0,41.2,564.0,28.0,52,27,23,7.1,
677.0,41.2,564.0,28.0,50,27,20,6.9,
677.0,41.2,564.0,28.0,53,32,24,7.0,
677.0,41.2,564.0,28.0,32,23,22,6.8,
677.0,41.2,564.0,28.0,43,31,29,6.9,
677.0,41.2,564.0,28.0,55,28,37,7.3,
677.0,41.2,564.0,28.0,49,27,43,6.9,
677.0,41.2,564.0,28.0,49,26,47,6.9,
677.0,41.2,564.0,28.0,34,20,47,7.1,
677.0,41.2,564.0,28.0,57,35,36,7.2,
677.0,41.2,564.0,28.0,49,39,34,7.1,
677.0,41.2,564.0,28.0,33,27,45,6.9,
677.0,41.2,564.0,28.0,41,33,35,7.3,
677.0,41.2,564.0,28.0,46,33,40,7.0,
677.0,41.2,564.0,28.0,35,20,22,6.9,
677.0,41.2,564.0,28.0,45,34,48,7.1,
677.0,41.2,564.0,28.0,44,33,25,7.5,
677.0,41.2,564.0,28.0,33,22,30,7.2,
677.0,41.2,564.0,28.0,59,33,20,7.2,
677.0,41.2,564.0,28.0,52,29,36,7.5,
677.0,41.2,564.0,28.0,40,36,27,7.5,
677.0,41.2,564.0,28.0,33,39,35,7.3,
677.0,41.2,564.0,28.0,39,24,44,7.4,
677.0,41.2,564.0,28.0,31,34,37,7.2,
677.0,41.2,564.0,28.0,50,35,43,7.5,
677.0,41.2,564.0,28.0,48,24,36,7.1,
677.0,41.2,564.0,28.0,48,27,23,7.0,
677.0,41.2,564.0,28.0,41,26,43,7.3,
677.0,41.2,564.0,28.0,33,32,39,7.3,
677.0,41.2,564.0,28.0,33,38,31,7.3,
677.0,41.2,564.0,28.0,32,20,40,7.4,
677.0,41.2,564.0,28.0,49,36,33,7.0,
677.0,41.2,564.0,28.0,46,35,24,7.4,
677.0,41.2,564.0,28.0,49,22,43,7.3,
677.0,41.2,564.0,28.0,34,31,27,7.0,
677.0,41.2,564.0,28.0,53,24,29,7.5,
677.0,41.2,564.0,28.0,31,26,49,7.2,
677.0,41.2,564.0,28.0,49,38,43,7.0,
677.0,41.2,564.0,28.0,59,30,38,7.0,
677.0,41.2,564.0,28.0,56,28,22,7.1,
677.0,41.2,564.0,28.0,40,35,35,7.1,
677.0,41.2,564.0,28.0,44,35,28,7.4,
677.0,41.2,564.0,28.0,33,24,49,7.1,
677.0,41.2,564.0,28.0,58,37,44,7.2,
677.0,41.2,564.0,28.0,58,26,45,7.2,
677.0,41.2,564.0,28.0,40,32,48,7.3,
677.0,41.2,564.0,28.0,34,28,29,6.8,
677.0,41.2,564.0,28.0,30,31,24,7.4,
677.0,41.2,564.0,28.0,37,23,20,6.9,
677.0,41.2,564.0,28.0,34,39,22,7.3,
677.0,41.2,564.0,28.0,33,27,32,7.3,
677.0,41.2,564.0,28.0,41,31,37,7.1,
677.0,41.2,564.0,28.0,40,37,36,7.3,
677.0,41.2,564.0,28.0,59,23,21,7.0,
677.0,41.2,564.0,28.0,48,31,25,7.2,
677.0,41.2,564.0,28.0,41,30,20,6.9,
677.0,41.2,564.0,28.0,32,20,38,7.0,
677.0,41.2,564.0,28.0,58,24,49,7.0,
677.0,41.2,564.0,28.0,56,20,28,7.4,
677.0,41.2,564.0,28.0,42,34,38,7.1,
677.0,41.2,564.0,28.0,34,30,25,7.4,
677.0,41.2,564.0,28.0,44,29,29,7.3,
677.0,41.2,564.0,28.0,47,25,35,7.1,
677.0,41.2,564.0,28.0,54,27,31,7.1,
677.0,41.2,564.0,28.0,35,20,32,7.0,
677.0,41.2,564.0,28.0,59,30,28,6.8,
677.0,41.2,564.0,28.0,38,39,43,7.3,
677.0,41.2,564.0,28.0,42,32,30,7.2,
677.0,41.2,564.0,28.0,58,31,41,7.5,
677.0,41.2,564.0,28.0,40,25,47,6.9,
677.0,41.2,564.0,28.0,45,25,29,6.9,
677.0,41.2,564.0,28.0,42,29,49,6.8,
677.0,41.2,564.0,28.0,35,38,26,6.9,
677.0,41.2,564.0,28.0,48,37,41,7.1,
677.0,41.2,564.0,28.0,34,28,35,7.4,
677.0,41.2,564.0,28.0,49,35,29,6.9,
677.0,41.2,564.0,28.0,33,39,43,7.3,
677.0,41.2,564.0,28.0,36,22,44,7.4,
677.0,41.2,564.0,28.0,38,29,49,7.2,
677.0,41.2,564.0,28.0,32,36,42,7.4,
677.0,41.2,564.0,28.0,40,24,37,7.2,
677.0,41.2,564.0,28.0,48,38,25,7.5,
677.0,41.2,564.0,28.0,32,30,43,7.2,
677.0,41.2,564.0,28.0,33,28,44,7.2,
677.0,41.2,564.0,28.0,57,39,21,7.4,
677.0,41.2,564.0,28.0,36,38,30,7.2,
677.0,41.2,564.0,28.0,31,38,41,7.3,
677.0,41.2,564.0,28.0,53,21,45,7.1,
677.0,41.2,564.0,28.0,54,34,46,7.0,
677.0,41.2,564.0,28.0,58,23,32,6.8,Unknown
677.0,41.2,564.0,28.0,59,27,47,7.1,Unknown
677.0,41.2,564.0,28.0,51,20,31,7.4,Unknown
677.0,41.2,564.0,28.0,46,29,26,6.9,Unknown
677.0,41.2,564.0,28.0,57,30,29,7.2,Unknown
677.0,41.2,564.0,28.0,52,25,33,7.2,Unknown
677.0,41.2,564.0,28.0,43,34,36,7.1,Unknown
677.0,41.2,564.0,28.0,49,27,23,7.5,Unknown
677.0,41.2,564.0,28.0,39,35,49,7.2,Unknown
677.0,41.2,564.0,28.0,37,34,20,7.0,Unknown
677.0,41.2,564.0,28.0,45,29,45,6.8,Unknown
677.0,41.2,564.0,28.0,55,39,26,6.8,Unknown
677.0,41.2,564.0,28.0,56,35,38,7.0,Unknown
677.0,41.2,564.0,28.0,49,31,47,7.2,Unknown
677.0,41.2,564.0,28.0,32,20,22,6.8,Unknown
677.0,41.2,564.0,28.0,34,30,26,7.1,Unknown
677.0,41.2,564.0,28.0,52,31,31,6.9,Unknown
677.0,41.2,564.0,28.0,33,36,41,7.2,Unknown
677.0,41.2,564.0,28.0,53,38,23,7.3,Unknown
677.0,41.2,564.0,28.0,32,23,22,7.0,Unknown
677.0,41.2,564.0,28.0,59,36,30,7.0,Unknown
677.0,41.2,564.0,28.0,35,31,21,7.2,Unknown
677.0,41.2,564.0,28.0,57,29,20,7.4,Unknown
677.0,41.2,564.0,28.0,44,33,23,7.3,Unknown
677.0,41.2,564.0,28.0,36,37,44,7.2,Unknown
677.0,41.2,564.0,28.0,43,28,32,7.4,Unknown
677.0,41.2,564.0,28.0,35,31,47,7.2,Unknown
677.0,41.2,564.0,28.0,52,26,46,7.0,Unknown
677.0,41.2,564.0,28.0,56,39,21,7.0,Unknown
677.0,41.2,564.0,28.0,53,28,40,7.0,Unknown
677.0,41.2,564.0,28.0,35,24,23,6.9,Unknown
677.0,41.2,564.0,28.0,35,39,32,6.9,Unknown
677.0,41.2,564.0,28.0,44,32,30,7.4,Unknown
677.0,41.2,564.0,28.0,54,32,41,7.5,Unknown
677.0,41.2,564.0,28.0,41,25,31,7.2,Unknown
677.0,41.2,564.0,28.0,55,21,24,6.9,Unknown
677.0,41.2,564.0,28.0,38,38,37,7.1,Unknown
677.0,41.2,564.0,28.0,33,31,24,7.1,Unknown
677.0,41.2,564.0,28.0,43,29,25,7.4,Unknown
677.0,41.2,564.0,28.0,53,33,42,6.8,Unknown
677.0,41.2,564.0,28.0,59,23,25,7.5,Unknown
677.0,41.2,564.0,28.0,53,35,23,7.2,Unknown
677.0,41.2,564.0,28.0,45,31,34,7.3,Unknown
677.0,41.2,564.0,28.0,34,26,34,7.0,Unknown
677.0,41.2,564.0,28.0,33,37,22,7.2,Unknown
677.0,41.2,564.0,28.0,44,34,43,6.9,Unknown
677.0,41.2,564.0,28.0,40,27,39,7.4,Unknown
677.0,41.2,564.0,28.0,53,30,36,7.4,Unknown
677.0,41.2,564.0,28.0,59,36,26,7.4,Corn
677.0,41.2,564.0,28.0,50,35,20,7.3,Corn
677.0,41.2,564.0,28.0,58,24,21,7.2,Corn
677.0,41.2,564.0,28.0,40,31,34,7.3,Corn
677.0,41.2,564.0,28.0,55,35,22,7.4,Corn
677.0,41.2,564.0,28.0,50,29,25,6.8,Wheat
677.0,41.2,564.0,28.0,33,31,29,7.1,Corn
677.0,41.2,564.0,28.0,33,37,33,7.1,Corn
677.0,41.2,564.0,28.0,49,35,20,6.8,Wheat
677.0,41.2,564.0,28.0,49,26,49,7.1,Corn
677.0,41.2,564.0,28.0,43,31,34,7.1,Corn
677.0,41.2,564.0,28.0,43,20,29,7.2,Corn
677.0,41.2,564.0,28.0,58,30,36,7.1,Corn
677.0,41.2,564.0,28.0,38,24,31,7.2,Corn
677.0,41.2,564.0,28.0,49,23,24,7.0,Corn
677.0,41.2,564.0,28.0,35,34,41,7.3,Corn
677.0,41.2,564.0,28.0,42,21,42,7.4,Corn
677.0,41.2,564.0,28.0,47,35,32,7.5,Corn
677.0,41.2,564.0,28.0,49,22,36,6.9,Wheat
677.0,41.2,564.0,28.0,37,24,30,6.9,Wheat
677.0,41.2,564.0,28.0,58,26,44,7.2,Corn
677.0,41.2,564.0,28.0,32,27,21,7.3,Corn
677.0,41.2,564.0,28.0,35,22,25,7.2,Corn
677.0,41.2,564.0,28.0,43,32,34,7.5,Corn
677.0,41.2,564.0,28.0,43,25,39,6.9,Wheat
677.0,41.2,564.0,28.0,52,37,25,6.9,Wheat
677.0,41.2,564.0,28.0,34,37,34,6.8,Wheat
677.0,41.2,564.0,28.0,59,39,30,7.0,Corn
677.0,41.2,564.0,28.0,56,39,41,7.3,Corn
677.0,41.2,564.0,28.0,51,32,30,7.3,Corn
677.0,41.2,564.0,28.0,55,21,30,7.3,Corn
677.0,41.2,564.0,28.0,33,26,42,7.4,Corn
677.0,41.2,564.0,28.0,42,26,46,7.2,Corn
677.0,41.2,564.0,28.0,47,27,23,7.0,Corn
677.0,41.2,564.0,28.0,51,27,46,7.2,Corn
677.0,41.2,564.0,28.0,37,39,36,7.0,Corn
677.0,41.2,564.0,28.0,35,37,43,6.9,Wheat
677.0,41.2,564.0,28.0,45,30,23,7.1,Corn
677.0,41.2,564.0,28.0,42,28,31,7.4,Corn
677.0,41.2,564.0,28.0,32,30,35,7.3,Corn
677.0,41.2,564.0,28.0,58,33,20,7.3,Corn
677.0,41.2,564.0,28.0,52,25,34,7.5,Corn
677.0,41.2,564.0,28.0,37,39,42,7.5,Corn
677.0,41.2,564.0,28.0,34,23,27,6.8,Wheat
677.0,41.2,564.0,28.0,58,20,21,7.3,Corn
677.0,41.2,564.0,28.0,48,28,32,7.5,Corn
677.0,41.2,564.0,28.0,46,28,27,7.5,Corn
677.0,41.2,564.0,28.0,30,23,25,7.2,Corn
677.0,41.2,564.0,28.0,31,29,20,7.4,Corn
677.0,41.2,564.0,28.0,45,37,43,7.2,Corn
677.0,41.2,564.0,28.0,56,38,21,6.9,Wheat
677.0,41.2,564.0,28.0,58,24,25,7.1,Corn
677.0,41.2,564.0,28.0,30,25,23,7.2,Corn
677.0,41.2,564.0,28.0,39,27,38,7.0,Corn
677.0,41.2,564.0,28.0,51,32,43,7.4,Corn
677.0,41.2,564.0,28.0,53,38,49,7.0,Corn
677.0,41.2,564.0,28.0,38,28,39,6.8,Wheat
677.0,41.2,564.0,28.0,57,21,29,7.1,Corn
677.0,41.2,564.0,28.0,53,29,23,7.1,Corn
677.0,41.2,564.0,28.0,57,22,24,7.1,Corn
677.0,41.2,564.0,28.0,38,34,41,7.5,Corn
677.0,41.2,564.0,28.0,37,26,36,7.2,Corn
677.0,41.2,564.0,28.0,31,26,31,7.0,Corn
677.0,41.2,564.0,28.0,40,36,31,7.0,Corn
677.0,41.2,564.0,28.0,36,32,46,6.8,Wheat
677.0,41.2,564.0,28.0,31,22,28,6.9,Wheat
677.0,41.2,564.0,28.0,37,28,42,7.1,Corn
677.0,41.2,564.0,28.0,36,23,39,7.2,Corn
677.0,41.2,564.0,28.0,47,26,20,6.8,Wheat
677.0,41.2,564.0,28.0,37,31,36,7.3,Corn
677.0,41.2,564.0,28.0,37,28,38,7.0,Corn
677.0,41.2,564.0,28.0,43,25,34,7.5,Corn
677.0,41.2,564.0,28.0,55,25,28,7.4,Corn
677.0,41.2,564.0,28.0,55,31,48,7.2,Corn
677.0,41.2,564.0,28.0,40,30,37,7.0,Corn
677.0,41.2,564.0,28.0,34,22,29,7.3,Corn
677.0,41.2,564.0,28.0,52,28,35,7.3,Corn
677.0,41.2,564.0,28.0,37,37,40,6.9,Wheat
677.0,41.2,564.0,28.0,43,22,38,7.2,Corn
677.0,41.2,564.0,28.0,53,29,40,7.1,Corn
677.0,41.2,564.0,28.0,44,39,30,7.2,Corn
677.0,41.2,564.0,28.0,33,37,20,7.3,Corn
677.0,41.2,564.0,28.0,32,29,27,6.8,Wheat
677.0,41.2,564.0,28.0,46,31,35,7.4,Corn
677.0,41.2,564.0,28.0,56,35,45,7.2,Corn
677.0,41.2,564.0,28.0,49,22,22,7.4,Corn
677.0,41.2,564.0,28.0,31,37,38,7.1,Corn
677.0,41.2,564.0,28.0,42,32,44,6.8,Wheat
677.0,41.2,564.0,28.0,45,28,35,6.9,Wheat
677.0,41.2,564.0,28.0,37,21,35,7.1,Corn
677.0,41.2,564.0,28.0,46,21,20,7.5,Corn
677.0,41.2,564.0,28.0,47,39,31,6.9,Wheat
677.0,41.2,564.0,28.0,48,20,27,7.1,Corn
677.0,41.2,564.0,28.0,35,31,38,6.9,Wheat
677.0,41.2,564.0,28.0,30,38,43,7.4,Corn
677.0,41.2,564.0,28.0,52,23,28,7.1,Corn
677.0,41.2,564.0,28.0,39,28,40,7.2,Corn
677.0,41.2,564.0,28.0,32,33,27,7.3,Corn
677.0,41.2,564.0,28.0,46,32,47,7.0,Corn
677.0,41.2,564.0,28.0,52,35,26,7.1,Corn
677.0,41.2,564.0,28.0,35,30,48,7.3,Corn
677.0,41.2,564.0,28.0,32,22,32,7.3,Corn
677.0,41.2,564.0,28.0,59,38,42,7.4,Corn
677.0,41.2,564.0,28.0,41,20,37,6.8,Wheat
677.0,41.2,564.0,28.0,55,38,31,6.8,Wheat
677.0,41.2,564.0,28.0,44,20,26,7.2,Corn
677.0,41.2,564.0,28.0,40,27,49,7.4,Corn
677.0,41.2,564.0,28.0,53,30,38,7.1,Corn
677.0,41.2,564.0,28.0,59,36,48,7.5,Corn
677.0,41.2,564.0,28.0,43,37,40,7.4,Corn
677.0,41.2,564.0,28.0,56,20,40,6.8,Wheat
677.0,41.2,564.0,28.0,51,37,46,7.0,Corn
677.0,41.2,564.0,28.0,59,39,47,7.3,Corn
677.0,41.2,564.0,28.0,57,20,21,6.8,Wheat
677.0,41.2,564.0,28.0,52,39,31,7.0,Corn
677.0,41.2,564.0,28.0,45,29,32,7.0,Corn
677.0,41.2,564.0,28.0,52,39,33,7.5,Corn
677.0,41.2,564.0,28.0,45,20,45,7.3,Corn
677.0,41.2,564.0,28.0,54,31,28,7.3,Corn
677.0,41.2,564.0,28.0,30,36,35,7.1,Corn
677.0,41.2,564.0,28.0,45,35,31,7.1,Corn
677.0,41.2,564.0,28.0,37,20,46,7.3,Corn
677.0,41.2,564.0,28.0,55,38,42,6.9,Wheat
677.0,41.2,564.0,28.0,52,33,22,6.8,Wheat
677.0,41.2,564.0,28.0,52,28,28,7.1,Corn
677.0,41.2,564.0,28.0,37,22,32,7.2,Corn
677.0,41.2,564.0,28.0,46,24,45,6.8,Wheat
677.0,41.2,564.0,28.0,58,33,30,7.0,Corn
677.0,41.2,564.0,28.0,43,34,47,7.2,Corn
677.0,41.2,564.0,28.0,58,28,36,7.4,Corn
677.0,41.2,564.0,28.0,42,30,24,7.1,Corn
677.0,41.2,564.0,28.0,59,34,38,6.8,Wheat
677.0,41.2,564.0,28.0,31,32,27,7.2,Corn
677.0,41.2,564.0,28.0,41,33,37,7.0,Corn
677.0,41.2,564.0,28.0,58,35,41,6.9,Wheat
677.0,41.2,564.0,28.0,57,34,23,7.4,Corn
677.0,41.2,564.0,28.0,56,29,22,6.9,Wheat
677.0,41.2,564.0,28.0,59,25,39,6.9,Wheat
677.0,41.2,564.0,28.0,47,28,48,7.4,Corn
677.0,41.2,564.0,28.0,58,24,30,7.3,Corn
677.0,41.2,564.0,28.0,38,39,27,7.1,Corn
677.0,41.2,564.0,28.0,31,36,32,7.2,Corn
677.0,41.2,564.0,28.0,55,21,30,6.9,Wheat
677.0,41.2,564.0,28.0,30,21,26,7.2,Corn
677.0,41.2,564.0,28.0,53,27,34,7.1,Corn
677.0,41.2,564.0,28.0,37,28,49,7.0,Corn
677.0,41.2,564.0,28.0,40,32,22,6.8,Wheat
677.0,41.2,564.0,28.0,52,31,40,6.8,Wheat
677.0,41.2,564.0,28.0,36,37,34,7.5,Corn
677.0,41.2,564.0,28.0,46,25,46,7.0,Corn
677.0,41.2,564.0,28.0,56,25,46,7.4,Corn
677.0,41.2,564.0,28.0,54,23,35,6.9,Wheat
677.0,41.2,564.0,28.0,44,20,46,7.0,Corn
677.0,41.2,564.0,28.0,35,35,28,7.1,Corn
677.0,41.2,564.0,28.0,42,37,23,7.2,Corn
677.0,41.2,564.0,28.0,38,32,35,6.9,Wheat
677.0,41.2,564.0,28.0,37,30,27,7.3,Corn
677.0,41.2,564.0,28.0,35,34,37,7.0,Corn
677.0,41.2,564.0,28.0,39,24,29,6.9,Wheat
677.0,41.2,564.0,28.0,41,34,26,7.3,Corn
677.0,41.2,564.0,28.0,34,20,42,6.9,Wheat
677.0,41.2,564.0,28.0,34,26,46,7.2,Corn
677.0,41.2,564.0,28.0,37,26,23,7.5,Corn
677.0,41.2,564.0,28.0,34,30,20,7.3,Corn
677.0,41.2,564.0,28.0,35,27,49,7.1,Corn
677.0,41.2,564.0,28.0,39,35,45,7.1,Corn
677.0,41.2,564.0,28.0,58,28,45,7.4,Corn
677.0,41.2,564.0,28.0,32,30,41,7.2,Corn
677.0,41.2,564.0,28.0,39,36,28,6.9,Wheat
677.0,41.2,564.0,28.0,40,38,32,7.1,Corn
677.0,41.2,564.0,28.0,53,29,48,6.9,Wheat
677.0,41.2,564.0,28.0,43,28,49,7.2,Corn
677.0,41.2,564.0,28.0,44,38,30,6.9,Wheat
677.0,41.2,564.0,28.0,59,27,33,7.0,Corn
677.0,41.2,564.0,28.0,36,37,28,7.2,Corn
677.0,41.2,564.0,28.0,50,22,34,6.9,Wheat
677.0,41.2,564.0,28.0,39,39,21,6.8,Wheat
677.0,41.2,564.0,28.0,52,35,36,7.2,Corn
677.0,41.2,564.0,28.0,45,35,27,7.0,Corn
677.0,41.2,564.0,28.0,50,26,32,7.1,Corn
677.0,41.2,564.0,28.0,32,23,39,7.0,Corn
677.0,41.2,564.0,28.0,31,26,31,7.2,Corn
677.0,41.2,564.0,28.0,45,38,24,7.1,Corn
677.0,41.2,564.0,28.0,57,28,35,7.5,Corn
677.0,41.2,564.0,28.0,54,37,27,6.9,Wheat
677.0,41.2,564.0,28.0,56,33,31,7.1,Corn
677.0,41.2,564.0,28.0,57,28,27,7.0,Corn
677.0,41.2,564.0,28.0,41,31,43,7.3,Corn
677.0,41.2,564.0,28.0,52,24,26,7.2,Corn
677.0,41.2,564.0,28.0,53,26,37,7.5,Corn
677.0,41.2,564.0,28.0,40,29,25,7.3,Corn
677.0,41.2,564.0,28.0,41,31,49,6.9,Wheat
677.0,41.2,564.0,28.0,32,22,32,6.9,Wheat
677.0,41.2,564.0,28.0,40,24,47,7.2,Corn
677.0,41.2,564.0,28.0,55,25,34,7.1,Corn
677.0,41.2,564.0,28.0,31,21,41,7.2,Corn
677.0,41.2,564.0,28.0,37,28,45,7.0,Corn
677.0,41.2,564.0,28.0,46,24,28,6.9,Wheat
677.0,41.2,564.0,28.0,45,24,25,7.0,Corn
677.0,41.2,564.0,28.0,51,29,20,7.2,Corn
677.0,41.2,564.0,28.0,53,39,43,7.1,Corn
677.0,41.2,564.0,28.0,32,28,41,7.2,Corn
677.0,41.2,564.0,28.0,46,32,48,7.2,Corn
677.0,41.2,564.0,28.0,59,20,21,6.8,Wheat
677.0,41.2,564.0,28.0,48,39,28,7.0,Corn
677.0,41.2,564.0,28.0,30,39,48,7.4,Corn
677.0,41.2,564.0,28.0,44,30,37,7.3,Corn
677.0,41.2,564.0,28.0,58,26,37,7.3,Corn
677.0,41.2,564.0,28.0,41,25,28,7.3,Corn
677.0,41.2,564.0,28.0,39,36,22,7.0,Corn
677.0,41.2,564.0,28.0,55,39,29,7.3,Corn
677.0,41.2,564.0,28.0,37,28,23,7.2,Corn
677.0,41.2,564.0,28.0,44,30,26,6.9,Wheat
677.0,41.2,564.0,28.0,43,23,28,7.4,Corn
677.0,41.2,564.0,28.0,47,20,40,7.5,Corn
677.0,41.2,564.0,28.0,41,32,27,7.3,Corn
677.0,41.2,564.0,28.0,30,26,46,6.9,Wheat
677.0,41.2,564.0,28.0,40,26,44,7.0,Corn
677.0,41.2,564.0,28.0,37,31,46,7.0,Corn
677.0,41.2,564.0,28.0,30,34,39,7.4,Corn
677.0,41.2,564.0,28.0,34,28,39,6.9,Wheat
677.0,41.2,564.0,28.0,48,36,32,7.3,Corn
677.0,41.2,564.0,28.0,55,33,24,7.2,Corn
677.0,41.2,564.0,28.0,31,38,29,6.9,Wheat
677.0,41.2,564.0,28.0,47,28,30,6.9,Wheat
677.0,41.2,564.0,28.0,51,37,40,7.2,Corn
677.0,41.2,564.0,28.0,53,29,49,7.1,Corn
677.0,41.2,564.0,28.0,31,24,40,7.3,Corn
677.0,41.2,564.0,28.0,56,29,45,6.9,Wheat
677.0,41.2,564.0,28.0,45,25,27,7.2,Corn
677.0,41.2,564.0,28.0,32,34,49,7.3,Corn
677.0,41.2,564.0,28.0,40,39,43,6.8,Wheat
677.0,41.2,564.0,28.0,51,34,21,7.2,Corn
677.0,41.2,564.0,28.0,54,20,23,7.4,Corn
677.0,41.2,564.0,28.0,35,30,28,7.0,Corn
677.0,41.2,564.0,28.0,58,28,39,7.0,Corn
677.0,41.2,564.0,28.0,31,21,23,7.4,Corn
677.0,41.2,564.0,28.0,55,31,40,7.2,Corn
677.0,41.2,564.0,28.0,51,34,46,7.3,Corn
677.0,41.2,564.0,28.0,45,23,37,7.5,Corn
677.0,41.2,564.0,28.0,32,32,40,6.9,Wheat
677.0,41.2,564.0,28.0,34,21,47,7.3,Corn
677.0,41.2,564.0,28.0,41,28,32,7.1,Corn
677.0,41.2,564.0,28.0,44,32,33,6.8,Wheat
677.0,41.2,564.0,28.0,51,20,37,7.3,Corn
677.0,41.2,564.0,28.0,42,31,47,7.2,Corn
677.0,41.2,564.0,28.0,51,32,27,7.1,Corn
677.0,41.2,564.0,28.0,34,38,39,7.4,Corn
677.0,41.2,564.0,28.0,34,21,43,7.0,Corn
677.0,41.2,564.0,28.0,48,32,42,7.3,Corn
677.0,41.2,564.0,28.0,46,31,37,6.8,Wheat
677.0,41.2,564.0,28.0,37,35,26,7.3,Corn
677.0,41.2,564.0,28.0,34,37,24,7.2,Corn
677.0,41.2,564.0,28.0,38,30,47,7.3,Corn
677.0,41.2,564.0,28.0,43,36,34,7.3,Corn
677.0,41.2,564.0,28.0,54,28,48,7.1,Corn
677.0,41.2,564.0,28.0,47,20,28,7.0,Corn
677.0,41.2,564.0,28.0,42,26,21,6.9,Wheat
677.0,41.2,564.0,28.0,59,28,29,6.8,Wheat
677.0,41.2,564.0,28.0,35,25,27,7.4,Corn
677.0,41.2,564.0,28.0,47,37,47,7.1,Corn
677.0,41.2,564.0,28.0,37,26,25,6.9,Wheat
677.0,41.2,564.0,28.0,47,20,32,7.5,Corn
677.0,41.2,564.0,28.0,52,29,45,7.2,Corn
677.0,41.2,564.0,28.0,59,37,43,7.1,Corn
677.0,41.2,564.0,28.0,49,26,44,7.0,Corn
677.0,41.2,564.0,28.0,34,36,34,7.3,Corn
677.0,41.2,564.0,28.0,50,35,42,7.3,Corn
677.0,41.2,564.0,28.0,33,22,39,7.2,Corn
677.0,41.2,564.0,28.0,44,20,42,7.1,Corn
677.0,41.2,564.0,28.0,51,39,28,6.9,Wheat
677.0,41.2,564.0,28.0,53,20,36,7.4,Corn
677.0,41.2,564.0,28.0,49,20,32,6.9,Wheat
677.0,41.2,564.0,28.0,33,26,22,7.5,Corn
677.0,41.2,564.0,28.0,59,32,21,7.2,Corn
677.0,41.2,564.0,28.0,35,27,39,7.3,Corn
677.0,41.2,564.0,28.0,52,28,42,7.4,Corn
677.0,41.2,564.0,28.0,45,35,24,7.3,Corn
677.0,41.2,564.0,28.0,35,24,31,7.1,Corn
677.0,41.2,564.0,28.0,56,34,41,7.5,Corn
677.0,41.2,564.0,28.0,38,25,32,7.3,Corn
677.0,41.2,564.0,28.0,48,35,34,7.0,Corn
677.0,41.2,564.0,28.0,35,37,24,7.1,Corn
677.0,41.2,564.0,28.0,41,33,42,7.0,Corn
677.0,41.2,564.0,28.0,56,35,21,6.9,Wheat
677.0,41.2,564.0,28.0,45,22,34,7.2,Corn
677.0,41.2,564.0,28.0,48,25,44,6.8,Wheat
677.0,41.2,564.0,28.0,58,38,35,7.4,Corn
677.0,41.2,564.0,28.0,52,37,38,7.2,Corn
677.0,41.2,564.0,28.0,34,37,31,7.3,Corn
677.0,41.2,564.0,28.0,49,27,23,7.5,Corn
677.0,41.2,564.0,28.0,35,39,42,6.8,Wheat
677.0,41.2,564.0,28.0,48,39,25,7.1,Corn
677.0,41.2,564.0,28.0,57,30,24,7.1,Corn
677.0,41.2,564.0,28.0,57,33,47,7.2,Corn
677.0,41.2,564.0,28.0,53,32,27,7.4,Corn
677.0,41.2,564.0,28.0,37,31,35,7.4,Corn
677.0,41.2,564.0,28.0,45,29,44,7.5,Corn
677.0,41.2,564.0,28.0,54,36,49,7.2,Corn
677.0,41.2,564.0,28.0,31,26,46,7.5,Corn
677.0,41.2,564.0,28.0,44,36,39,7.0,Corn
677.0,41.2,564.0,28.0,40,30,42,7.5,Corn
677.0,41.2,564.0,28.0,31,21,27,7.3,Corn
677.0,41.2,564.0,28.0,56,23,29,7.0,Corn
677.0,41.2,564.0,28.0,44,36,29,7.0,Corn
677.0,41.2,564.0,28.0,38,31,34,7.0,Corn
677.0,41.2,564.0,28.0,43,23,22,7.3,Corn
677.0,41.2,564.0,28.0,45,27,24,7.0,Corn
677.0,41.2,564.0,28.0,32,39,41,7.3,Corn
677.0,41.2,564.0,28.0,34,32,24,7.4,Corn
677.0,41.2,564.0,28.0,57,26,28,7.2,Corn
677.0,41.2,564.0,28.0,55,28,32,7.0,Corn
677.0,41.2,564.0,28.0,46,22,49,7.1,Corn
677.0,41.2,564.0,28.0,41,25,46,7.4,Corn
677.0,41.2,564.0,28.0,54,36,26,7.3,Corn
677.0,41.2,564.0,28.0,31,27,47,7.0,Corn
677.0,41.2,564.0,28.0,54,22,48,7.0,Corn
677.0,41.2,564.0,28.0,46,26,44,7.0,Corn
677.0,41.2,564.0,28.0,40,35,43,7.1,Corn
677.0,41.2,564.0,28.0,49,35,30,6.9,Wheat
677.0,41.2,564.0,28.0,49,24,41,6.9,Wheat
677.0,41.2,564.0,28.0,50,35,33,6.8,Wheat
677.0,41.2,564.0,28.0,55,21,20,7.1,Corn
677.0,41.2,564.0,28.0,52,34,29,6.9,Wheat
677.0,41.2,564.0,28.0,58,24,21,6.9,Wheat
677.0,41.2,564.0,28.0,47,28,47,6.9,Wheat
677.0,41.2,564.0,28.0,39,22,30,7.3,Corn
677.0,41.2,564.0,28.0,54,21,33,7.5,Corn
677.0,41.2,564.0,28.0,43,27,39,7.3,Corn
677.0,41.2,564.0,28.0,34,35,32,7.2,Corn
677.0,41.2,564.0,28.0,39,31,41,6.8,Wheat
677.0,41.2,564.0,28.0,39,37,40,7.1,Corn
677.0,41.2,564.0,28.0,51,26,22,7.2,Corn
677.0,41.2,564.0,28.0,42,25,39,7.2,Corn
677.0,41.2,564.0,28.0,31,36,42,7.4,Corn
677.0,41.2,564.0,28.0,53,37,23,7.1,Corn
677.0,41.2,564.0,28.0,31,37,31,7.4,Corn
677.0,41.2,564.0,28.0,37,36,21,7.4,Corn
677.0,41.2,564.0,28.0,45,39,27,7.0,Corn
677.0,41.2,564.0,28.0,57,30,36,7.0,Corn
677.0,41.2,564.0,28.0,49,22,32,7.4,Corn
677.0,41.2,564.0,28.0,36,37,27,7.4,Corn
677.0,41.2,564.0,28.0,34,29,20,7.4,Corn
677.0,41.2,564.0,28.0,37,29,28,7.3,Corn
677.0,41.2,564.0,28.0,51,21,39,7.2,Corn
677.0,41.2,564.0,28.0,48,21,29,7.2,Corn
677.0,41.2,564.0,28.0,57,28,20,7.0,Corn
677.0,41.2,564.0,28.0,45,37,26,7.1,Corn
677.0,41.2,564.0,28.0,53,29,27,6.9,Wheat
677.0,41.2,564.0,28.0,39,20,36,7.3,Corn
677.0,41.2,564.0,28.0,43,24,32,7.2,Corn
677.0,41.2,564.0,28.0,45,36,48,7.3,Corn
677.0,41.2,564.0,28.0,45,28,25,7.2,Corn
677.0,41.2,564.0,28.0,51,28,36,7.2,Corn
677.0,41.2,564.0,28.0,31,26,33,6.9,Wheat
677.0,41.2,564.0,28.0,42,32,45,7.3,Corn
677.0,41.2,564.0,28.0,34,35,28,7.3,Corn
677.0,41.2,564.0,28.0,39,34,45,7.0,Corn
677.0,41.2,564.0,28.0,43,39,45,7.1,Corn
677.0,41.2,564.0,28.0,42,26,43,7.2,Corn
677.0,41.2,564.0,28.0,51,27,31,7.2,Corn
677.0,41.2,564.0,28.0,57,31,35,6.9,Wheat
677.0,41.2,564.0,28.0,37,29,34,7.0,Corn
677.0,41.2,564.0,28.0,43,33,45,6.9,Wheat
677.0,41.2,564.0,28.0,56,25,26,7.0,Corn
677.0,41.2,564.0,28.0,35,36,39,7.3,Corn
677.0,41.2,564.0,28.0,47,36,33,7.2,Corn
677.0,41.2,564.0,28.0,58,30,45,7.0,Corn
